customer_id,segment_id,segment_name,model_version
1,2,Large-Basket Occasional Shoppers,kmeans_k3_v1
2,2,Large-Basket Occasional Shoppers,kmeans_k3_v1
3,2,Large-Basket Occasional Shoppers,kmeans_k3_v1
4,2,Large-Basket Occasional Shoppers,kmeans_k3_v1
5,3,Low-Value Low-Engagement Shoppers,kmeans_k3_v1
6,1,High-Value Frequent Shoppers,kmeans_k3_v1
7,2,Large-Basket Occasional Shoppers,kmeans_k3_v1
8,1,High-Value Frequent Shoppers,kmeans_k3_v1
9,2,Large-Basket Occasional Shoppers,kmeans_k3_v1
10,3,Low-Value Low-Engagement Shoppers,kmeans_k3_v1
11,3,Low-Value Low-Engagement Shoppers,kmeans_k3_v1
12,2,Large-Basket Occasional Shoppers,kmeans_k3_v1
13,1,High-Value Frequent Shoppers,kmeans_k3_v1
14,1,High-Value Frequent Shoppers,kmeans_k3_v1
15,3,Low-Value Low-Engagement Shoppers,kmeans_k3_v1
16,3,Low-Value Low-Engagement Shoppers,kmeans_k3_v1
17,2,Large-Basket Occasional Shoppers,kmeans_k3_v1
18,1,High-Value Frequent Shoppers,kmeans_k3_v1
19,1,High-Value Frequent Shoppers,kmeans_k3_v1
20,1,High-Value Frequent Shoppers,kmeans_k3_v1
21,2,Large-Basket Occasional Shoppers,kmeans_k3_v1
22,1,High-Value Frequent Shoppers,kmeans_k3_v1
23,1,High-Value Frequent Shoppers,kmeans_k3_v1
24,2,Large-Basket Occasional Shoppers,kmeans_k3_v1
25,2,Large-Basket Occasional Shoppers,kmeans_k3_v1
26,2,Large-Basket Occasional Shoppers,kmeans_k3_v1
27,1,High-Value Frequent Shoppers,kmeans_k3_v1
28,1,High-Value Frequent Shoppers,kmeans_k3_v1
29,3,Low-Value Low-Engagement Shoppers,kmeans_k3_v1
30,2,Large-Basket Occasional Shoppers,kmeans_k3_v1
31,1,High-Value Frequent Shoppers,kmeans_k3_v1
32,1,High-Value Frequent Shoppers,kmeans_k3_v1
33,3,Low-Value Low-Engagement Shoppers,kmeans_k3_v1
34,3,Low-Value Low-Engagement Shoppers,kmeans_k3_v1
35,3,Low-Value Low-Engagement Shoppers,kmeans_k3_v1
36,1,High-Value Frequent Shoppers,kmeans_k3_v1
37,2,Large-Basket Occasional Shoppers,kmeans_k3_v1
38,3,Low-Value Low-Engagement Shoppers,kmeans_k3_v1
39,2,Large-Basket Occasional Shoppers,kmeans_k3_v1
40,1,High-Value Frequent Shoppers,kmeans_k3_v1
41,2,Large-Basket Occasional Shoppers,kmeans_k3_v1
42,2,Large-Basket Occasional Shoppers,kmeans_k3_v1
43,3,Low-Value Low-Engagement Shoppers,kmeans_k3_v1
44,2,Large-Basket Occasional Shoppers,kmeans_k3_v1
45,3,Low-Value Low-Engagement Shoppers,kmeans_k3_v1
46,1,High-Value Frequent Shoppers,kmeans_k3_v1
47,1,High-Value Frequent Shoppers,kmeans_k3_v1
48,2,Large-Basket Occasional Shoppers,kmeans_k3_v1
49,1,High-Value Frequent Shoppers,kmeans_k3_v1
50,3,Low-Value Low-Engagement Shoppers,kmeans_k3_v1
51,2,Large-Basket Occasional Shoppers,kmeans_k3_v1
52,1,High-Value Frequent Shoppers,kmeans_k3_v1
53,2,Large-Basket Occasional Shoppers,kmeans_k3_v1
54,3,Low-Value Low-Engagement Shoppers,kmeans_k3_v1
55,3,Low-Value Low-Engagement Shoppers,kmeans_k3_v1
56,1,High-Value Frequent Shoppers,kmeans_k3_v1
57,1,High-Value Frequent Shoppers,kmeans_k3_v1
58,1,High-Value Frequent Shoppers,kmeans_k3_v1
59,2,Large-Basket Occasional Shoppers,kmeans_k3_v1
60,3,Low-Value Low-Engagement Shoppers,kmeans_k3_v1
61,3,Low-Value Low-Engagement Shoppers,kmeans_k3_v1
62,3,Low-Value Low-Engagement Shoppers,kmeans_k3_v1
63,3,Low-Value Low-Engagement Shoppers,kmeans_k3_v1
64,1,High-Value Frequent Shoppers,kmeans_k3_v1
65,3,Low-Value Low-Engagement Shoppers,kmeans_k3_v1
66,3,Low-Value Low-Engagement Shoppers,kmeans_k3_v1
67,1,High-Value Frequent Shoppers,kmeans_k3_v1
68,1,High-Value Frequent Shoppers,kmeans_k3_v1
69,1,High-Value Frequent Shoppers,kmeans_k3_v1
70,3,Low-Value Low-Engagement Shoppers,kmeans_k3_v1
71,1,High-Value Frequent Shoppers,kmeans_k3_v1
72,1,High-Value Frequent Shoppers,kmeans_k3_v1
73,1,High-Value Frequent Shoppers,kmeans_k3_v1
74,2,Large-Basket Occasional Shoppers,kmeans_k3_v1
75,3,Low-Value Low-Engagement Shoppers,kmeans_k3_v1
76,3,Low-Value Low-Engagement Shoppers,kmeans_k3_v1
77,1,High-Value Frequent Shoppers,kmeans_k3_v1
78,1,High-Value Frequent Shoppers,kmeans_k3_v1
79,1,High-Value Frequent Shoppers,kmeans_k3_v1
80,2,Large-Basket Occasional Shoppers,kmeans_k3_v1
81,1,High-Value Frequent Shoppers,kmeans_k3_v1
82,3,Low-Value Low-Engagement Shoppers,kmeans_k3_v1
83,3,Low-Value Low-Engagement Shoppers,kmeans_k3_v1
84,3,Low-Value Low-Engagement Shoppers,kmeans_k3_v1
85,1,High-Value Frequent Shoppers,kmeans_k3_v1
86,2,Large-Basket Occasional Shoppers,kmeans_k3_v1
87,3,Low-Value Low-Engagement Shoppers,kmeans_k3_v1
88,1,High-Value Frequent Shoppers,kmeans_k3_v1
89,3,Low-Value Low-Engagement Shoppers,kmeans_k3_v1
90,2,Large-Basket Occasional Shoppers,kmeans_k3_v1
91,1,High-Value Frequent Shoppers,kmeans_k3_v1
92,2,Large-Basket Occasional Shoppers,kmeans_k3_v1
93,2,Large-Basket Occasional Shoppers,kmeans_k3_v1
94,3,Low-Value Low-Engagement Shoppers,kmeans_k3_v1
95,1,High-Value Frequent Shoppers,kmeans_k3_v1
96,3,Low-Value Low-Engagement Shoppers,kmeans_k3_v1
97,1,High-Value Frequent Shoppers,kmeans_k3_v1
98,1,High-Value Frequent Shoppers,kmeans_k3_v1
99,1,High-Value Frequent Shoppers,kmeans_k3_v1
100,2,Large-Basket Occasional Shoppers,kmeans_k3_v1
101,1,High-Value Frequent Shoppers,kmeans_k3_v1
102,3,Low-Value Low-Engagement Shoppers,kmeans_k3_v1
103,3,Low-Value Low-Engagement Shoppers,kmeans_k3_v1
104,1,High-Value Frequent Shoppers,kmeans_k3_v1
105,1,High-Value Frequent Shoppers,kmeans_k3_v1
106,2,Large-Basket Occasional Shoppers,kmeans_k3_v1
107,2,Large-Basket Occasional Shoppers,kmeans_k3_v1
108,2,Large-Basket Occasional Shoppers,kmeans_k3_v1
109,1,High-Value Frequent Shoppers,kmeans_k3_v1
110,1,High-Value Frequent Shoppers,kmeans_k3_v1
111,2,Large-Basket Occasional Shoppers,kmeans_k3_v1
112,3,Low-Value Low-Engagement Shoppers,kmeans_k3_v1
113,1,High-Value Frequent Shoppers,kmeans_k3_v1
114,2,Large-Basket Occasional Shoppers,kmeans_k3_v1
115,1,High-Value Frequent Shoppers,kmeans_k3_v1
116,3,Low-Value Low-Engagement Shoppers,kmeans_k3_v1
117,1,High-Value Frequent Shoppers,kmeans_k3_v1
118,2,Large-Basket Occasional Shoppers,kmeans_k3_v1
119,2,Large-Basket Occasional Shoppers,kmeans_k3_v1
120,3,Low-Value Low-Engagement Shoppers,kmeans_k3_v1
121,2,Large-Basket Occasional Shoppers,kmeans_k3_v1
122,2,Large-Basket Occasional Shoppers,kmeans_k3_v1
123,1,High-Value Frequent Shoppers,kmeans_k3_v1
124,3,Low-Value Low-Engagement Shoppers,kmeans_k3_v1
125,1,High-Value Frequent Shoppers,kmeans_k3_v1
126,2,Large-Basket Occasional Shoppers,kmeans_k3_v1
127,1,High-Value Frequent Shoppers,kmeans_k3_v1
128,2,Large-Basket Occasional Shoppers,kmeans_k3_v1
129,3,Low-Value Low-Engagement Shoppers,kmeans_k3_v1
130,3,Low-Value Low-Engagement Shoppers,kmeans_k3_v1
131,1,High-Value Frequent Shoppers,kmeans_k3_v1
132,2,Large-Basket Occasional Shoppers,kmeans_k3_v1
133,2,Large-Basket Occasional Shoppers,kmeans_k3_v1
134,1,High-Value Frequent Shoppers,kmeans_k3_v1
135,3,Low-Value Low-Engagement Shoppers,kmeans_k3_v1
136,2,Large-Basket Occasional Shoppers,kmeans_k3_v1
137,2,Large-Basket Occasional Shoppers,kmeans_k3_v1
138,2,Large-Basket Occasional Shoppers,kmeans_k3_v1
139,1,High-Value Frequent Shoppers,kmeans_k3_v1
140,3,Low-Value Low-Engagement Shoppers,kmeans_k3_v1
141,3,Low-Value Low-Engagement Shoppers,kmeans_k3_v1
142,1,High-Value Frequent Shoppers,kmeans_k3_v1
143,1,High-Value Frequent Shoppers,kmeans_k3_v1
144,2,Large-Basket Occasional Shoppers,kmeans_k3_v1
145,2,Large-Basket Occasional Shoppers,kmeans_k3_v1
146,2,Large-Basket Occasional Shoppers,kmeans_k3_v1
147,2,Large-Basket Occasional Shoppers,kmeans_k3_v1
148,3,Low-Value Low-Engagement Shoppers,kmeans_k3_v1
149,1,High-Value Frequent Shoppers,kmeans_k3_v1
150,3,Low-Value Low-Engagement Shoppers,kmeans_k3_v1
151,2,Large-Basket Occasional Shoppers,kmeans_k3_v1
152,2,Large-Basket Occasional Shoppers,kmeans_k3_v1
153,2,Large-Basket Occasional Shoppers,kmeans_k3_v1
154,2,Large-Basket Occasional Shoppers,kmeans_k3_v1
155,2,Large-Basket Occasional Shoppers,kmeans_k3_v1
156,1,High-Value Frequent Shoppers,kmeans_k3_v1
157,1,High-Value Frequent Shoppers,kmeans_k3_v1
158,1,High-Value Frequent Shoppers,kmeans_k3_v1
159,2,Large-Basket Occasional Shoppers,kmeans_k3_v1
160,2,Large-Basket Occasional Shoppers,kmeans_k3_v1
161,1,High-Value Frequent Shoppers,kmeans_k3_v1
162,2,Large-Basket Occasional Shoppers,kmeans_k3_v1
163,3,Low-Value Low-Engagement Shoppers,kmeans_k3_v1
164,1,High-Value Frequent Shoppers,kmeans_k3_v1
165,1,High-Value Frequent Shoppers,kmeans_k3_v1
166,1,High-Value Frequent Shoppers,kmeans_k3_v1
167,2,Large-Basket Occasional Shoppers,kmeans_k3_v1
168,3,Low-Value Low-Engagement Shoppers,kmeans_k3_v1
169,3,Low-Value Low-Engagement Shoppers,kmeans_k3_v1
170,2,Large-Basket Occasional Shoppers,kmeans_k3_v1
171,2,Large-Basket Occasional Shoppers,kmeans_k3_v1
172,3,Low-Value Low-Engagement Shoppers,kmeans_k3_v1
173,3,Low-Value Low-Engagement Shoppers,kmeans_k3_v1
174,2,Large-Basket Occasional Shoppers,kmeans_k3_v1
175,2,Large-Basket Occasional Shoppers,kmeans_k3_v1
176,2,Large-Basket Occasional Shoppers,kmeans_k3_v1
177,2,Large-Basket Occasional Shoppers,kmeans_k3_v1
178,1,High-Value Frequent Shoppers,kmeans_k3_v1
179,3,Low-Value Low-Engagement Shoppers,kmeans_k3_v1
180,2,Large-Basket Occasional Shoppers,kmeans_k3_v1
181,2,Large-Basket Occasional Shoppers,kmeans_k3_v1
182,2,Large-Basket Occasional Shoppers,kmeans_k3_v1
183,3,Low-Value Low-Engagement Shoppers,kmeans_k3_v1
184,1,High-Value Frequent Shoppers,kmeans_k3_v1
185,2,Large-Basket Occasional Shoppers,kmeans_k3_v1
186,3,Low-Value Low-Engagement Shoppers,kmeans_k3_v1
187,3,Low-Value Low-Engagement Shoppers,kmeans_k3_v1
188,2,Large-Basket Occasional Shoppers,kmeans_k3_v1
189,3,Low-Value Low-Engagement Shoppers,kmeans_k3_v1
190,2,Large-Basket Occasional Shoppers,kmeans_k3_v1
191,3,Low-Value Low-Engagement Shoppers,kmeans_k3_v1
192,2,Large-Basket Occasional Shoppers,kmeans_k3_v1
193,1,High-Value Frequent Shoppers,kmeans_k3_v1
194,1,High-Value Frequent Shoppers,kmeans_k3_v1
195,1,High-Value Frequent Shoppers,kmeans_k3_v1
196,1,High-Value Frequent Shoppers,kmeans_k3_v1
197,2,Large-Basket Occasional Shoppers,kmeans_k3_v1
198,1,High-Value Frequent Shoppers,kmeans_k3_v1
199,3,Low-Value Low-Engagement Shoppers,kmeans_k3_v1
200,3,Low-Value Low-Engagement Shoppers,kmeans_k3_v1
201,2,Large-Basket Occasional Shoppers,kmeans_k3_v1
202,2,Large-Basket Occasional Shoppers,kmeans_k3_v1
203,2,Large-Basket Occasional Shoppers,kmeans_k3_v1
204,3,Low-Value Low-Engagement Shoppers,kmeans_k3_v1
205,1,High-Value Frequent Shoppers,kmeans_k3_v1
206,2,Large-Basket Occasional Shoppers,kmeans_k3_v1
207,2,Large-Basket Occasional Shoppers,kmeans_k3_v1
208,1,High-Value Frequent Shoppers,kmeans_k3_v1
209,1,High-Value Frequent Shoppers,kmeans_k3_v1
210,1,High-Value Frequent Shoppers,kmeans_k3_v1
211,1,High-Value Frequent Shoppers,kmeans_k3_v1
212,1,High-Value Frequent Shoppers,kmeans_k3_v1
213,2,Large-Basket Occasional Shoppers,kmeans_k3_v1
214,2,Large-Basket Occasional Shoppers,kmeans_k3_v1
215,1,High-Value Frequent Shoppers,kmeans_k3_v1
216,1,High-Value Frequent Shoppers,kmeans_k3_v1
217,2,Large-Basket Occasional Shoppers,kmeans_k3_v1
218,1,High-Value Frequent Shoppers,kmeans_k3_v1
219,1,High-Value Frequent Shoppers,kmeans_k3_v1
220,2,Large-Basket Occasional Shoppers,kmeans_k3_v1
221,2,Large-Basket Occasional Shoppers,kmeans_k3_v1
222,1,High-Value Frequent Shoppers,kmeans_k3_v1
223,2,Large-Basket Occasional Shoppers,kmeans_k3_v1
224,2,Large-Basket Occasional Shoppers,kmeans_k3_v1
225,3,Low-Value Low-Engagement Shoppers,kmeans_k3_v1
226,2,Large-Basket Occasional Shoppers,kmeans_k3_v1
227,3,Low-Value Low-Engagement Shoppers,kmeans_k3_v1
228,2,Large-Basket Occasional Shoppers,kmeans_k3_v1
229,2,Large-Basket Occasional Shoppers,kmeans_k3_v1
230,1,High-Value Frequent Shoppers,kmeans_k3_v1
231,2,Large-Basket Occasional Shoppers,kmeans_k3_v1
232,1,High-Value Frequent Shoppers,kmeans_k3_v1
233,2,Large-Basket Occasional Shoppers,kmeans_k3_v1
234,3,Low-Value Low-Engagement Shoppers,kmeans_k3_v1
235,1,High-Value Frequent Shoppers,kmeans_k3_v1
236,2,Large-Basket Occasional Shoppers,kmeans_k3_v1
237,2,Large-Basket Occasional Shoppers,kmeans_k3_v1
238,3,Low-Value Low-Engagement Shoppers,kmeans_k3_v1
239,1,High-Value Frequent Shoppers,kmeans_k3_v1
240,3,Low-Value Low-Engagement Shoppers,kmeans_k3_v1
241,3,Low-Value Low-Engagement Shoppers,kmeans_k3_v1
242,1,High-Value Frequent Shoppers,kmeans_k3_v1
243,1,High-Value Frequent Shoppers,kmeans_k3_v1
244,2,Large-Basket Occasional Shoppers,kmeans_k3_v1
245,2,Large-Basket Occasional Shoppers,kmeans_k3_v1
246,2,Large-Basket Occasional Shoppers,kmeans_k3_v1
247,2,Large-Basket Occasional Shoppers,kmeans_k3_v1
248,2,Large-Basket Occasional Shoppers,kmeans_k3_v1
249,1,High-Value Frequent Shoppers,kmeans_k3_v1
250,1,High-Value Frequent Shoppers,kmeans_k3_v1
251,2,Large-Basket Occasional Shoppers,kmeans_k3_v1
252,3,Low-Value Low-Engagement Shoppers,kmeans_k3_v1
253,1,High-Value Frequent Shoppers,kmeans_k3_v1
254,3,Low-Value Low-Engagement Shoppers,kmeans_k3_v1
255,2,Large-Basket Occasional Shoppers,kmeans_k3_v1
256,1,High-Value Frequent Shoppers,kmeans_k3_v1
257,2,Large-Basket Occasional Shoppers,kmeans_k3_v1
258,1,High-Value Frequent Shoppers,kmeans_k3_v1
259,3,Low-Value Low-Engagement Shoppers,kmeans_k3_v1
260,3,Low-Value Low-Engagement Shoppers,kmeans_k3_v1
261,2,Large-Basket Occasional Shoppers,kmeans_k3_v1
262,1,High-Value Frequent Shoppers,kmeans_k3_v1
263,1,High-Value Frequent Shoppers,kmeans_k3_v1
264,2,Large-Basket Occasional Shoppers,kmeans_k3_v1
265,1,High-Value Frequent Shoppers,kmeans_k3_v1
266,2,Large-Basket Occasional Shoppers,kmeans_k3_v1
267,3,Low-Value Low-Engagement Shoppers,kmeans_k3_v1
268,2,Large-Basket Occasional Shoppers,kmeans_k3_v1
269,3,Low-Value Low-Engagement Shoppers,kmeans_k3_v1
270,3,Low-Value Low-Engagement Shoppers,kmeans_k3_v1
271,3,Low-Value Low-Engagement Shoppers,kmeans_k3_v1
272,2,Large-Basket Occasional Shoppers,kmeans_k3_v1
273,1,High-Value Frequent Shoppers,kmeans_k3_v1
274,3,Low-Value Low-Engagement Shoppers,kmeans_k3_v1
275,1,High-Value Frequent Shoppers,kmeans_k3_v1
276,1,High-Value Frequent Shoppers,kmeans_k3_v1
277,3,Low-Value Low-Engagement Shoppers,kmeans_k3_v1
278,2,Large-Basket Occasional Shoppers,kmeans_k3_v1
279,2,Large-Basket Occasional Shoppers,kmeans_k3_v1
280,1,High-Value Frequent Shoppers,kmeans_k3_v1
281,2,Large-Basket Occasional Shoppers,kmeans_k3_v1
282,1,High-Value Frequent Shoppers,kmeans_k3_v1
283,2,Large-Basket Occasional Shoppers,kmeans_k3_v1
284,3,Low-Value Low-Engagement Shoppers,kmeans_k3_v1
285,1,High-Value Frequent Shoppers,kmeans_k3_v1
286,2,Large-Basket Occasional Shoppers,kmeans_k3_v1
287,1,High-Value Frequent Shoppers,kmeans_k3_v1
288,1,High-Value Frequent Shoppers,kmeans_k3_v1
289,1,High-Value Frequent Shoppers,kmeans_k3_v1
290,1,High-Value Frequent Shoppers,kmeans_k3_v1
291,2,Large-Basket Occasional Shoppers,kmeans_k3_v1
292,3,Low-Value Low-Engagement Shoppers,kmeans_k3_v1
293,2,Large-Basket Occasional Shoppers,kmeans_k3_v1
294,1,High-Value Frequent Shoppers,kmeans_k3_v1
295,2,Large-Basket Occasional Shoppers,kmeans_k3_v1
296,3,Low-Value Low-Engagement Shoppers,kmeans_k3_v1
297,1,High-Value Frequent Shoppers,kmeans_k3_v1
298,3,Low-Value Low-Engagement Shoppers,kmeans_k3_v1
299,3,Low-Value Low-Engagement Shoppers,kmeans_k3_v1
300,2,Large-Basket Occasional Shoppers,kmeans_k3_v1
301,1,High-Value Frequent Shoppers,kmeans_k3_v1
302,2,Large-Basket Occasional Shoppers,kmeans_k3_v1
303,1,High-Value Frequent Shoppers,kmeans_k3_v1
304,1,High-Value Frequent Shoppers,kmeans_k3_v1
305,1,High-Value Frequent Shoppers,kmeans_k3_v1
306,1,High-Value Frequent Shoppers,kmeans_k3_v1
307,3,Low-Value Low-Engagement Shoppers,kmeans_k3_v1
308,1,High-Value Frequent Shoppers,kmeans_k3_v1
309,2,Large-Basket Occasional Shoppers,kmeans_k3_v1
310,3,Low-Value Low-Engagement Shoppers,kmeans_k3_v1
311,2,Large-Basket Occasional Shoppers,kmeans_k3_v1
312,2,Large-Basket Occasional Shoppers,kmeans_k3_v1
313,3,Low-Value Low-Engagement Shoppers,kmeans_k3_v1
314,2,Large-Basket Occasional Shoppers,kmeans_k3_v1
315,3,Low-Value Low-Engagement Shoppers,kmeans_k3_v1
316,2,Large-Basket Occasional Shoppers,kmeans_k3_v1
317,2,Large-Basket Occasional Shoppers,kmeans_k3_v1
318,3,Low-Value Low-Engagement Shoppers,kmeans_k3_v1
319,2,Large-Basket Occasional Shoppers,kmeans_k3_v1
320,3,Low-Value Low-Engagement Shoppers,kmeans_k3_v1
321,1,High-Value Frequent Shoppers,kmeans_k3_v1
322,2,Large-Basket Occasional Shoppers,kmeans_k3_v1
323,3,Low-Value Low-Engagement Shoppers,kmeans_k3_v1
324,1,High-Value Frequent Shoppers,kmeans_k3_v1
325,2,Large-Basket Occasional Shoppers,kmeans_k3_v1
326,2,Large-Basket Occasional Shoppers,kmeans_k3_v1
327,3,Low-Value Low-Engagement Shoppers,kmeans_k3_v1
328,1,High-Value Frequent Shoppers,kmeans_k3_v1
329,1,High-Value Frequent Shoppers,kmeans_k3_v1
330,3,Low-Value Low-Engagement Shoppers,kmeans_k3_v1
331,3,Low-Value Low-Engagement Shoppers,kmeans_k3_v1
332,1,High-Value Frequent Shoppers,kmeans_k3_v1
333,2,Large-Basket Occasional Shoppers,kmeans_k3_v1
334,1,High-Value Frequent Shoppers,kmeans_k3_v1
335,1,High-Value Frequent Shoppers,kmeans_k3_v1
336,1,High-Value Frequent Shoppers,kmeans_k3_v1
337,3,Low-Value Low-Engagement Shoppers,kmeans_k3_v1
338,1,High-Value Frequent Shoppers,kmeans_k3_v1
339,2,Large-Basket Occasional Shoppers,kmeans_k3_v1
340,2,Large-Basket Occasional Shoppers,kmeans_k3_v1
341,3,Low-Value Low-Engagement Shoppers,kmeans_k3_v1
342,2,Large-Basket Occasional Shoppers,kmeans_k3_v1
343,2,Large-Basket Occasional Shoppers,kmeans_k3_v1
344,2,Large-Basket Occasional Shoppers,kmeans_k3_v1
345,1,High-Value Frequent Shoppers,kmeans_k3_v1
346,1,High-Value Frequent Shoppers,kmeans_k3_v1
347,3,Low-Value Low-Engagement Shoppers,kmeans_k3_v1
348,1,High-Value Frequent Shoppers,kmeans_k3_v1
349,2,Large-Basket Occasional Shoppers,kmeans_k3_v1
350,1,High-Value Frequent Shoppers,kmeans_k3_v1
351,1,High-Value Frequent Shoppers,kmeans_k3_v1
352,2,Large-Basket Occasional Shoppers,kmeans_k3_v1
353,1,High-Value Frequent Shoppers,kmeans_k3_v1
354,1,High-Value Frequent Shoppers,kmeans_k3_v1
355,2,Large-Basket Occasional Shoppers,kmeans_k3_v1
356,1,High-Value Frequent Shoppers,kmeans_k3_v1
357,2,Large-Basket Occasional Shoppers,kmeans_k3_v1
358,1,High-Value Frequent Shoppers,kmeans_k3_v1
359,2,Large-Basket Occasional Shoppers,kmeans_k3_v1
360,3,Low-Value Low-Engagement Shoppers,kmeans_k3_v1
361,1,High-Value Frequent Shoppers,kmeans_k3_v1
362,2,Large-Basket Occasional Shoppers,kmeans_k3_v1
363,3,Low-Value Low-Engagement Shoppers,kmeans_k3_v1
364,2,Large-Basket Occasional Shoppers,kmeans_k3_v1
365,1,High-Value Frequent Shoppers,kmeans_k3_v1
366,3,Low-Value Low-Engagement Shoppers,kmeans_k3_v1
367,1,High-Value Frequent Shoppers,kmeans_k3_v1
368,3,Low-Value Low-Engagement Shoppers,kmeans_k3_v1
369,3,Low-Value Low-Engagement Shoppers,kmeans_k3_v1
370,1,High-Value Frequent Shoppers,kmeans_k3_v1
371,1,High-Value Frequent Shoppers,kmeans_k3_v1
372,2,Large-Basket Occasional Shoppers,kmeans_k3_v1
373,3,Low-Value Low-Engagement Shoppers,kmeans_k3_v1
374,1,High-Value Frequent Shoppers,kmeans_k3_v1
375,3,Low-Value Low-Engagement Shoppers,kmeans_k3_v1
376,1,High-Value Frequent Shoppers,kmeans_k3_v1
377,1,High-Value Frequent Shoppers,kmeans_k3_v1
378,1,High-Value Frequent Shoppers,kmeans_k3_v1
379,3,Low-Value Low-Engagement Shoppers,kmeans_k3_v1
380,1,High-Value Frequent Shoppers,kmeans_k3_v1
381,1,High-Value Frequent Shoppers,kmeans_k3_v1
382,3,Low-Value Low-Engagement Shoppers,kmeans_k3_v1
383,1,High-Value Frequent Shoppers,kmeans_k3_v1
384,1,High-Value Frequent Shoppers,kmeans_k3_v1
385,2,Large-Basket Occasional Shoppers,kmeans_k3_v1
386,1,High-Value Frequent Shoppers,kmeans_k3_v1
387,1,High-Value Frequent Shoppers,kmeans_k3_v1
388,2,Large-Basket Occasional Shoppers,kmeans_k3_v1
389,1,High-Value Frequent Shoppers,kmeans_k3_v1
390,1,High-Value Frequent Shoppers,kmeans_k3_v1
391,3,Low-Value Low-Engagement Shoppers,kmeans_k3_v1
392,1,High-Value Frequent Shoppers,kmeans_k3_v1
393,1,High-Value Frequent Shoppers,kmeans_k3_v1
394,1,High-Value Frequent Shoppers,kmeans_k3_v1
395,3,Low-Value Low-Engagement Shoppers,kmeans_k3_v1
396,3,Low-Value Low-Engagement Shoppers,kmeans_k3_v1
397,1,High-Value Frequent Shoppers,kmeans_k3_v1
398,3,Low-Value Low-Engagement Shoppers,kmeans_k3_v1
399,2,Large-Basket Occasional Shoppers,kmeans_k3_v1
400,1,High-Value Frequent Shoppers,kmeans_k3_v1
401,1,High-Value Frequent Shoppers,kmeans_k3_v1
402,2,Large-Basket Occasional Shoppers,kmeans_k3_v1
403,3,Low-Value Low-Engagement Shoppers,kmeans_k3_v1
404,1,High-Value Frequent Shoppers,kmeans_k3_v1
405,2,Large-Basket Occasional Shoppers,kmeans_k3_v1
406,1,High-Value Frequent Shoppers,kmeans_k3_v1
407,3,Low-Value Low-Engagement Shoppers,kmeans_k3_v1
408,2,Large-Basket Occasional Shoppers,kmeans_k3_v1
409,1,High-Value Frequent Shoppers,kmeans_k3_v1
410,3,Low-Value Low-Engagement Shoppers,kmeans_k3_v1
411,1,High-Value Frequent Shoppers,kmeans_k3_v1
412,1,High-Value Frequent Shoppers,kmeans_k3_v1
413,1,High-Value Frequent Shoppers,kmeans_k3_v1
414,1,High-Value Frequent Shoppers,kmeans_k3_v1
415,2,Large-Basket Occasional Shoppers,kmeans_k3_v1
416,2,Large-Basket Occasional Shoppers,kmeans_k3_v1
417,1,High-Value Frequent Shoppers,kmeans_k3_v1
418,1,High-Value Frequent Shoppers,kmeans_k3_v1
419,2,Large-Basket Occasional Shoppers,kmeans_k3_v1
420,1,High-Value Frequent Shoppers,kmeans_k3_v1
421,1,High-Value Frequent Shoppers,kmeans_k3_v1
422,2,Large-Basket Occasional Shoppers,kmeans_k3_v1
423,3,Low-Value Low-Engagement Shoppers,kmeans_k3_v1
424,2,Large-Basket Occasional Shoppers,kmeans_k3_v1
425,1,High-Value Frequent Shoppers,kmeans_k3_v1
426,1,High-Value Frequent Shoppers,kmeans_k3_v1
427,3,Low-Value Low-Engagement Shoppers,kmeans_k3_v1
428,2,Large-Basket Occasional Shoppers,kmeans_k3_v1
429,3,Low-Value Low-Engagement Shoppers,kmeans_k3_v1
430,1,High-Value Frequent Shoppers,kmeans_k3_v1
431,3,Low-Value Low-Engagement Shoppers,kmeans_k3_v1
432,1,High-Value Frequent Shoppers,kmeans_k3_v1
433,3,Low-Value Low-Engagement Shoppers,kmeans_k3_v1
434,1,High-Value Frequent Shoppers,kmeans_k3_v1
435,2,Large-Basket Occasional Shoppers,kmeans_k3_v1
436,2,Large-Basket Occasional Shoppers,kmeans_k3_v1
437,1,High-Value Frequent Shoppers,kmeans_k3_v1
438,2,Large-Basket Occasional Shoppers,kmeans_k3_v1
439,3,Low-Value Low-Engagement Shoppers,kmeans_k3_v1
440,3,Low-Value Low-Engagement Shoppers,kmeans_k3_v1
441,2,Large-Basket Occasional Shoppers,kmeans_k3_v1
442,1,High-Value Frequent Shoppers,kmeans_k3_v1
443,1,High-Value Frequent Shoppers,kmeans_k3_v1
444,2,Large-Basket Occasional Shoppers,kmeans_k3_v1
445,1,High-Value Frequent Shoppers,kmeans_k3_v1
446,3,Low-Value Low-Engagement Shoppers,kmeans_k3_v1
447,1,High-Value Frequent Shoppers,kmeans_k3_v1
448,3,Low-Value Low-Engagement Shoppers,kmeans_k3_v1
449,2,Large-Basket Occasional Shoppers,kmeans_k3_v1
450,2,Large-Basket Occasional Shoppers,kmeans_k3_v1
451,1,High-Value Frequent Shoppers,kmeans_k3_v1
452,2,Large-Basket Occasional Shoppers,kmeans_k3_v1
453,3,Low-Value Low-Engagement Shoppers,kmeans_k3_v1
454,1,High-Value Frequent Shoppers,kmeans_k3_v1
455,2,Large-Basket Occasional Shoppers,kmeans_k3_v1
456,1,High-Value Frequent Shoppers,kmeans_k3_v1
457,3,Low-Value Low-Engagement Shoppers,kmeans_k3_v1
458,1,High-Value Frequent Shoppers,kmeans_k3_v1
459,2,Large-Basket Occasional Shoppers,kmeans_k3_v1
460,3,Low-Value Low-Engagement Shoppers,kmeans_k3_v1
461,2,Large-Basket Occasional Shoppers,kmeans_k3_v1
462,2,Large-Basket Occasional Shoppers,kmeans_k3_v1
463,1,High-Value Frequent Shoppers,kmeans_k3_v1
464,1,High-Value Frequent Shoppers,kmeans_k3_v1
465,3,Low-Value Low-Engagement Shoppers,kmeans_k3_v1
466,3,Low-Value Low-Engagement Shoppers,kmeans_k3_v1
467,1,High-Value Frequent Shoppers,kmeans_k3_v1
468,1,High-Value Frequent Shoppers,kmeans_k3_v1
469,1,High-Value Frequent Shoppers,kmeans_k3_v1
470,3,Low-Value Low-Engagement Shoppers,kmeans_k3_v1
471,2,Large-Basket Occasional Shoppers,kmeans_k3_v1
472,1,High-Value Frequent Shoppers,kmeans_k3_v1
473,2,Large-Basket Occasional Shoppers,kmeans_k3_v1
474,2,Large-Basket Occasional Shoppers,kmeans_k3_v1
475,2,Large-Basket Occasional Shoppers,kmeans_k3_v1
476,2,Large-Basket Occasional Shoppers,kmeans_k3_v1
477,3,Low-Value Low-Engagement Shoppers,kmeans_k3_v1
478,3,Low-Value Low-Engagement Shoppers,kmeans_k3_v1
479,3,Low-Value Low-Engagement Shoppers,kmeans_k3_v1
480,2,Large-Basket Occasional Shoppers,kmeans_k3_v1
481,2,Large-Basket Occasional Shoppers,kmeans_k3_v1
482,2,Large-Basket Occasional Shoppers,kmeans_k3_v1
483,1,High-Value Frequent Shoppers,kmeans_k3_v1
484,1,High-Value Frequent Shoppers,kmeans_k3_v1
485,1,High-Value Frequent Shoppers,kmeans_k3_v1
486,2,Large-Basket Occasional Shoppers,kmeans_k3_v1
487,3,Low-Value Low-Engagement Shoppers,kmeans_k3_v1
488,3,Low-Value Low-Engagement Shoppers,kmeans_k3_v1
489,1,High-Value Frequent Shoppers,kmeans_k3_v1
490,2,Large-Basket Occasional Shoppers,kmeans_k3_v1
491,1,High-Value Frequent Shoppers,kmeans_k3_v1
492,2,Large-Basket Occasional Shoppers,kmeans_k3_v1
493,1,High-Value Frequent Shoppers,kmeans_k3_v1
494,3,Low-Value Low-Engagement Shoppers,kmeans_k3_v1
495,2,Large-Basket Occasional Shoppers,kmeans_k3_v1
496,2,Large-Basket Occasional Shoppers,kmeans_k3_v1
497,3,Low-Value Low-Engagement Shoppers,kmeans_k3_v1
498,3,Low-Value Low-Engagement Shoppers,kmeans_k3_v1
499,3,Low-Value Low-Engagement Shoppers,kmeans_k3_v1
500,3,Low-Value Low-Engagement Shoppers,kmeans_k3_v1
501,2,Large-Basket Occasional Shoppers,kmeans_k3_v1
502,2,Large-Basket Occasional Shoppers,kmeans_k3_v1
503,1,High-Value Frequent Shoppers,kmeans_k3_v1
504,2,Large-Basket Occasional Shoppers,kmeans_k3_v1
505,3,Low-Value Low-Engagement Shoppers,kmeans_k3_v1
506,2,Large-Basket Occasional Shoppers,kmeans_k3_v1
507,2,Large-Basket Occasional Shoppers,kmeans_k3_v1
508,3,Low-Value Low-Engagement Shoppers,kmeans_k3_v1
509,3,Low-Value Low-Engagement Shoppers,kmeans_k3_v1
510,1,High-Value Frequent Shoppers,kmeans_k3_v1
511,1,High-Value Frequent Shoppers,kmeans_k3_v1
512,2,Large-Basket Occasional Shoppers,kmeans_k3_v1
513,1,High-Value Frequent Shoppers,kmeans_k3_v1
514,2,Large-Basket Occasional Shoppers,kmeans_k3_v1
515,2,Large-Basket Occasional Shoppers,kmeans_k3_v1
516,3,Low-Value Low-Engagement Shoppers,kmeans_k3_v1
517,1,High-Value Frequent Shoppers,kmeans_k3_v1
518,1,High-Value Frequent Shoppers,kmeans_k3_v1
519,2,Large-Basket Occasional Shoppers,kmeans_k3_v1
520,1,High-Value Frequent Shoppers,kmeans_k3_v1
521,3,Low-Value Low-Engagement Shoppers,kmeans_k3_v1
522,3,Low-Value Low-Engagement Shoppers,kmeans_k3_v1
523,1,High-Value Frequent Shoppers,kmeans_k3_v1
524,2,Large-Basket Occasional Shoppers,kmeans_k3_v1
525,3,Low-Value Low-Engagement Shoppers,kmeans_k3_v1
526,1,High-Value Frequent Shoppers,kmeans_k3_v1
527,1,High-Value Frequent Shoppers,kmeans_k3_v1
528,3,Low-Value Low-Engagement Shoppers,kmeans_k3_v1
529,2,Large-Basket Occasional Shoppers,kmeans_k3_v1
530,2,Large-Basket Occasional Shoppers,kmeans_k3_v1
531,2,Large-Basket Occasional Shoppers,kmeans_k3_v1
532,3,Low-Value Low-Engagement Shoppers,kmeans_k3_v1
533,2,Large-Basket Occasional Shoppers,kmeans_k3_v1
534,3,Low-Value Low-Engagement Shoppers,kmeans_k3_v1
535,2,Large-Basket Occasional Shoppers,kmeans_k3_v1
536,2,Large-Basket Occasional Shoppers,kmeans_k3_v1
537,2,Large-Basket Occasional Shoppers,kmeans_k3_v1
538,2,Large-Basket Occasional Shoppers,kmeans_k3_v1
539,2,Large-Basket Occasional Shoppers,kmeans_k3_v1
540,1,High-Value Frequent Shoppers,kmeans_k3_v1
541,2,Large-Basket Occasional Shoppers,kmeans_k3_v1
542,2,Large-Basket Occasional Shoppers,kmeans_k3_v1
543,2,Large-Basket Occasional Shoppers,kmeans_k3_v1
544,3,Low-Value Low-Engagement Shoppers,kmeans_k3_v1
545,2,Large-Basket Occasional Shoppers,kmeans_k3_v1
546,2,Large-Basket Occasional Shoppers,kmeans_k3_v1
547,2,Large-Basket Occasional Shoppers,kmeans_k3_v1
548,2,Large-Basket Occasional Shoppers,kmeans_k3_v1
549,1,High-Value Frequent Shoppers,kmeans_k3_v1
550,2,Large-Basket Occasional Shoppers,kmeans_k3_v1
551,3,Low-Value Low-Engagement Shoppers,kmeans_k3_v1
552,2,Large-Basket Occasional Shoppers,kmeans_k3_v1
553,1,High-Value Frequent Shoppers,kmeans_k3_v1
554,2,Large-Basket Occasional Shoppers,kmeans_k3_v1
555,3,Low-Value Low-Engagement Shoppers,kmeans_k3_v1
556,2,Large-Basket Occasional Shoppers,kmeans_k3_v1
557,2,Large-Basket Occasional Shoppers,kmeans_k3_v1
558,1,High-Value Frequent Shoppers,kmeans_k3_v1
559,3,Low-Value Low-Engagement Shoppers,kmeans_k3_v1
560,1,High-Value Frequent Shoppers,kmeans_k3_v1
561,2,Large-Basket Occasional Shoppers,kmeans_k3_v1
562,2,Large-Basket Occasional Shoppers,kmeans_k3_v1
563,1,High-Value Frequent Shoppers,kmeans_k3_v1
564,3,Low-Value Low-Engagement Shoppers,kmeans_k3_v1
565,3,Low-Value Low-Engagement Shoppers,kmeans_k3_v1
566,3,Low-Value Low-Engagement Shoppers,kmeans_k3_v1
567,1,High-Value Frequent Shoppers,kmeans_k3_v1
568,1,High-Value Frequent Shoppers,kmeans_k3_v1
569,1,High-Value Frequent Shoppers,kmeans_k3_v1
570,2,Large-Basket Occasional Shoppers,kmeans_k3_v1
571,2,Large-Basket Occasional Shoppers,kmeans_k3_v1
572,3,Low-Value Low-Engagement Shoppers,kmeans_k3_v1
573,1,High-Value Frequent Shoppers,kmeans_k3_v1
574,1,High-Value Frequent Shoppers,kmeans_k3_v1
575,1,High-Value Frequent Shoppers,kmeans_k3_v1
576,1,High-Value Frequent Shoppers,kmeans_k3_v1
577,2,Large-Basket Occasional Shoppers,kmeans_k3_v1
578,1,High-Value Frequent Shoppers,kmeans_k3_v1
579,3,Low-Value Low-Engagement Shoppers,kmeans_k3_v1
580,3,Low-Value Low-Engagement Shoppers,kmeans_k3_v1
581,1,High-Value Frequent Shoppers,kmeans_k3_v1
582,1,High-Value Frequent Shoppers,kmeans_k3_v1
583,1,High-Value Frequent Shoppers,kmeans_k3_v1
584,3,Low-Value Low-Engagement Shoppers,kmeans_k3_v1
585,3,Low-Value Low-Engagement Shoppers,kmeans_k3_v1
586,1,High-Value Frequent Shoppers,kmeans_k3_v1
587,3,Low-Value Low-Engagement Shoppers,kmeans_k3_v1
588,1,High-Value Frequent Shoppers,kmeans_k3_v1
589,3,Low-Value Low-Engagement Shoppers,kmeans_k3_v1
590,1,High-Value Frequent Shoppers,kmeans_k3_v1
591,1,High-Value Frequent Shoppers,kmeans_k3_v1
592,2,Large-Basket Occasional Shoppers,kmeans_k3_v1
593,3,Low-Value Low-Engagement Shoppers,kmeans_k3_v1
594,1,High-Value Frequent Shoppers,kmeans_k3_v1
595,1,High-Value Frequent Shoppers,kmeans_k3_v1
596,1,High-Value Frequent Shoppers,kmeans_k3_v1
597,1,High-Value Frequent Shoppers,kmeans_k3_v1
598,1,High-Value Frequent Shoppers,kmeans_k3_v1
599,2,Large-Basket Occasional Shoppers,kmeans_k3_v1
600,1,High-Value Frequent Shoppers,kmeans_k3_v1
601,1,High-Value Frequent Shoppers,kmeans_k3_v1
602,2,Large-Basket Occasional Shoppers,kmeans_k3_v1
603,1,High-Value Frequent Shoppers,kmeans_k3_v1
604,2,Large-Basket Occasional Shoppers,kmeans_k3_v1
605,1,High-Value Frequent Shoppers,kmeans_k3_v1
606,1,High-Value Frequent Shoppers,kmeans_k3_v1
607,1,High-Value Frequent Shoppers,kmeans_k3_v1
608,1,High-Value Frequent Shoppers,kmeans_k3_v1
609,1,High-Value Frequent Shoppers,kmeans_k3_v1
610,3,Low-Value Low-Engagement Shoppers,kmeans_k3_v1
611,2,Large-Basket Occasional Shoppers,kmeans_k3_v1
612,1,High-Value Frequent Shoppers,kmeans_k3_v1
613,2,Large-Basket Occasional Shoppers,kmeans_k3_v1
614,2,Large-Basket Occasional Shoppers,kmeans_k3_v1
615,3,Low-Value Low-Engagement Shoppers,kmeans_k3_v1
616,2,Large-Basket Occasional Shoppers,kmeans_k3_v1
617,2,Large-Basket Occasional Shoppers,kmeans_k3_v1
618,1,High-Value Frequent Shoppers,kmeans_k3_v1
619,2,Large-Basket Occasional Shoppers,kmeans_k3_v1
620,3,Low-Value Low-Engagement Shoppers,kmeans_k3_v1
621,1,High-Value Frequent Shoppers,kmeans_k3_v1
622,1,High-Value Frequent Shoppers,kmeans_k3_v1
623,1,High-Value Frequent Shoppers,kmeans_k3_v1
624,1,High-Value Frequent Shoppers,kmeans_k3_v1
625,2,Large-Basket Occasional Shoppers,kmeans_k3_v1
626,3,Low-Value Low-Engagement Shoppers,kmeans_k3_v1
627,2,Large-Basket Occasional Shoppers,kmeans_k3_v1
628,2,Large-Basket Occasional Shoppers,kmeans_k3_v1
629,3,Low-Value Low-Engagement Shoppers,kmeans_k3_v1
630,1,High-Value Frequent Shoppers,kmeans_k3_v1
631,1,High-Value Frequent Shoppers,kmeans_k3_v1
632,1,High-Value Frequent Shoppers,kmeans_k3_v1
633,1,High-Value Frequent Shoppers,kmeans_k3_v1
634,2,Large-Basket Occasional Shoppers,kmeans_k3_v1
635,3,Low-Value Low-Engagement Shoppers,kmeans_k3_v1
636,1,High-Value Frequent Shoppers,kmeans_k3_v1
637,1,High-Value Frequent Shoppers,kmeans_k3_v1
638,1,High-Value Frequent Shoppers,kmeans_k3_v1
639,3,Low-Value Low-Engagement Shoppers,kmeans_k3_v1
640,2,Large-Basket Occasional Shoppers,kmeans_k3_v1
641,1,High-Value Frequent Shoppers,kmeans_k3_v1
642,2,Large-Basket Occasional Shoppers,kmeans_k3_v1
643,2,Large-Basket Occasional Shoppers,kmeans_k3_v1
644,1,High-Value Frequent Shoppers,kmeans_k3_v1
645,3,Low-Value Low-Engagement Shoppers,kmeans_k3_v1
646,2,Large-Basket Occasional Shoppers,kmeans_k3_v1
647,1,High-Value Frequent Shoppers,kmeans_k3_v1
648,2,Large-Basket Occasional Shoppers,kmeans_k3_v1
649,2,Large-Basket Occasional Shoppers,kmeans_k3_v1
650,2,Large-Basket Occasional Shoppers,kmeans_k3_v1
651,2,Large-Basket Occasional Shoppers,kmeans_k3_v1
652,2,Large-Basket Occasional Shoppers,kmeans_k3_v1
653,1,High-Value Frequent Shoppers,kmeans_k3_v1
654,1,High-Value Frequent Shoppers,kmeans_k3_v1
655,1,High-Value Frequent Shoppers,kmeans_k3_v1
656,2,Large-Basket Occasional Shoppers,kmeans_k3_v1
657,3,Low-Value Low-Engagement Shoppers,kmeans_k3_v1
658,2,Large-Basket Occasional Shoppers,kmeans_k3_v1
659,3,Low-Value Low-Engagement Shoppers,kmeans_k3_v1
660,1,High-Value Frequent Shoppers,kmeans_k3_v1
661,1,High-Value Frequent Shoppers,kmeans_k3_v1
662,2,Large-Basket Occasional Shoppers,kmeans_k3_v1
663,1,High-Value Frequent Shoppers,kmeans_k3_v1
664,2,Large-Basket Occasional Shoppers,kmeans_k3_v1
665,3,Low-Value Low-Engagement Shoppers,kmeans_k3_v1
666,3,Low-Value Low-Engagement Shoppers,kmeans_k3_v1
667,2,Large-Basket Occasional Shoppers,kmeans_k3_v1
668,2,Large-Basket Occasional Shoppers,kmeans_k3_v1
669,1,High-Value Frequent Shoppers,kmeans_k3_v1
670,1,High-Value Frequent Shoppers,kmeans_k3_v1
671,2,Large-Basket Occasional Shoppers,kmeans_k3_v1
672,1,High-Value Frequent Shoppers,kmeans_k3_v1
673,3,Low-Value Low-Engagement Shoppers,kmeans_k3_v1
674,1,High-Value Frequent Shoppers,kmeans_k3_v1
675,1,High-Value Frequent Shoppers,kmeans_k3_v1
676,1,High-Value Frequent Shoppers,kmeans_k3_v1
677,2,Large-Basket Occasional Shoppers,kmeans_k3_v1
678,3,Low-Value Low-Engagement Shoppers,kmeans_k3_v1
679,1,High-Value Frequent Shoppers,kmeans_k3_v1
680,2,Large-Basket Occasional Shoppers,kmeans_k3_v1
681,2,Large-Basket Occasional Shoppers,kmeans_k3_v1
682,1,High-Value Frequent Shoppers,kmeans_k3_v1
683,3,Low-Value Low-Engagement Shoppers,kmeans_k3_v1
684,1,High-Value Frequent Shoppers,kmeans_k3_v1
685,1,High-Value Frequent Shoppers,kmeans_k3_v1
686,3,Low-Value Low-Engagement Shoppers,kmeans_k3_v1
687,2,Large-Basket Occasional Shoppers,kmeans_k3_v1
688,2,Large-Basket Occasional Shoppers,kmeans_k3_v1
689,3,Low-Value Low-Engagement Shoppers,kmeans_k3_v1
690,1,High-Value Frequent Shoppers,kmeans_k3_v1
691,2,Large-Basket Occasional Shoppers,kmeans_k3_v1
692,1,High-Value Frequent Shoppers,kmeans_k3_v1
693,1,High-Value Frequent Shoppers,kmeans_k3_v1
694,1,High-Value Frequent Shoppers,kmeans_k3_v1
695,1,High-Value Frequent Shoppers,kmeans_k3_v1
696,1,High-Value Frequent Shoppers,kmeans_k3_v1
697,2,Large-Basket Occasional Shoppers,kmeans_k3_v1
698,3,Low-Value Low-Engagement Shoppers,kmeans_k3_v1
699,1,High-Value Frequent Shoppers,kmeans_k3_v1
700,2,Large-Basket Occasional Shoppers,kmeans_k3_v1
701,2,Large-Basket Occasional Shoppers,kmeans_k3_v1
702,1,High-Value Frequent Shoppers,kmeans_k3_v1
703,1,High-Value Frequent Shoppers,kmeans_k3_v1
704,3,Low-Value Low-Engagement Shoppers,kmeans_k3_v1
705,3,Low-Value Low-Engagement Shoppers,kmeans_k3_v1
706,1,High-Value Frequent Shoppers,kmeans_k3_v1
707,1,High-Value Frequent Shoppers,kmeans_k3_v1
708,2,Large-Basket Occasional Shoppers,kmeans_k3_v1
709,1,High-Value Frequent Shoppers,kmeans_k3_v1
710,1,High-Value Frequent Shoppers,kmeans_k3_v1
711,3,Low-Value Low-Engagement Shoppers,kmeans_k3_v1
712,1,High-Value Frequent Shoppers,kmeans_k3_v1
713,3,Low-Value Low-Engagement Shoppers,kmeans_k3_v1
714,1,High-Value Frequent Shoppers,kmeans_k3_v1
715,1,High-Value Frequent Shoppers,kmeans_k3_v1
716,2,Large-Basket Occasional Shoppers,kmeans_k3_v1
717,3,Low-Value Low-Engagement Shoppers,kmeans_k3_v1
718,1,High-Value Frequent Shoppers,kmeans_k3_v1
719,2,Large-Basket Occasional Shoppers,kmeans_k3_v1
720,3,Low-Value Low-Engagement Shoppers,kmeans_k3_v1
721,3,Low-Value Low-Engagement Shoppers,kmeans_k3_v1
722,1,High-Value Frequent Shoppers,kmeans_k3_v1
723,2,Large-Basket Occasional Shoppers,kmeans_k3_v1
724,3,Low-Value Low-Engagement Shoppers,kmeans_k3_v1
725,1,High-Value Frequent Shoppers,kmeans_k3_v1
726,1,High-Value Frequent Shoppers,kmeans_k3_v1
727,1,High-Value Frequent Shoppers,kmeans_k3_v1
728,1,High-Value Frequent Shoppers,kmeans_k3_v1
729,2,Large-Basket Occasional Shoppers,kmeans_k3_v1
730,3,Low-Value Low-Engagement Shoppers,kmeans_k3_v1
731,1,High-Value Frequent Shoppers,kmeans_k3_v1
732,1,High-Value Frequent Shoppers,kmeans_k3_v1
733,2,Large-Basket Occasional Shoppers,kmeans_k3_v1
734,3,Low-Value Low-Engagement Shoppers,kmeans_k3_v1
735,3,Low-Value Low-Engagement Shoppers,kmeans_k3_v1
736,2,Large-Basket Occasional Shoppers,kmeans_k3_v1
737,2,Large-Basket Occasional Shoppers,kmeans_k3_v1
738,1,High-Value Frequent Shoppers,kmeans_k3_v1
739,3,Low-Value Low-Engagement Shoppers,kmeans_k3_v1
740,1,High-Value Frequent Shoppers,kmeans_k3_v1
741,1,High-Value Frequent Shoppers,kmeans_k3_v1
742,1,High-Value Frequent Shoppers,kmeans_k3_v1
743,2,Large-Basket Occasional Shoppers,kmeans_k3_v1
744,1,High-Value Frequent Shoppers,kmeans_k3_v1
745,1,High-Value Frequent Shoppers,kmeans_k3_v1
746,3,Low-Value Low-Engagement Shoppers,kmeans_k3_v1
747,3,Low-Value Low-Engagement Shoppers,kmeans_k3_v1
748,2,Large-Basket Occasional Shoppers,kmeans_k3_v1
749,3,Low-Value Low-Engagement Shoppers,kmeans_k3_v1
750,3,Low-Value Low-Engagement Shoppers,kmeans_k3_v1
751,3,Low-Value Low-Engagement Shoppers,kmeans_k3_v1
752,1,High-Value Frequent Shoppers,kmeans_k3_v1
753,2,Large-Basket Occasional Shoppers,kmeans_k3_v1
754,2,Large-Basket Occasional Shoppers,kmeans_k3_v1
755,1,High-Value Frequent Shoppers,kmeans_k3_v1
756,3,Low-Value Low-Engagement Shoppers,kmeans_k3_v1
757,2,Large-Basket Occasional Shoppers,kmeans_k3_v1
758,3,Low-Value Low-Engagement Shoppers,kmeans_k3_v1
759,3,Low-Value Low-Engagement Shoppers,kmeans_k3_v1
760,2,Large-Basket Occasional Shoppers,kmeans_k3_v1
761,1,High-Value Frequent Shoppers,kmeans_k3_v1
762,1,High-Value Frequent Shoppers,kmeans_k3_v1
763,2,Large-Basket Occasional Shoppers,kmeans_k3_v1
764,1,High-Value Frequent Shoppers,kmeans_k3_v1
765,2,Large-Basket Occasional Shoppers,kmeans_k3_v1
766,1,High-Value Frequent Shoppers,kmeans_k3_v1
767,2,Large-Basket Occasional Shoppers,kmeans_k3_v1
768,1,High-Value Frequent Shoppers,kmeans_k3_v1
769,2,Large-Basket Occasional Shoppers,kmeans_k3_v1
770,2,Large-Basket Occasional Shoppers,kmeans_k3_v1
771,1,High-Value Frequent Shoppers,kmeans_k3_v1
772,3,Low-Value Low-Engagement Shoppers,kmeans_k3_v1
773,2,Large-Basket Occasional Shoppers,kmeans_k3_v1
774,2,Large-Basket Occasional Shoppers,kmeans_k3_v1
775,3,Low-Value Low-Engagement Shoppers,kmeans_k3_v1
776,2,Large-Basket Occasional Shoppers,kmeans_k3_v1
777,2,Large-Basket Occasional Shoppers,kmeans_k3_v1
778,2,Large-Basket Occasional Shoppers,kmeans_k3_v1
779,1,High-Value Frequent Shoppers,kmeans_k3_v1
780,3,Low-Value Low-Engagement Shoppers,kmeans_k3_v1
781,2,Large-Basket Occasional Shoppers,kmeans_k3_v1
782,3,Low-Value Low-Engagement Shoppers,kmeans_k3_v1
783,3,Low-Value Low-Engagement Shoppers,kmeans_k3_v1
784,1,High-Value Frequent Shoppers,kmeans_k3_v1
785,2,Large-Basket Occasional Shoppers,kmeans_k3_v1
786,1,High-Value Frequent Shoppers,kmeans_k3_v1
787,1,High-Value Frequent Shoppers,kmeans_k3_v1
788,1,High-Value Frequent Shoppers,kmeans_k3_v1
789,3,Low-Value Low-Engagement Shoppers,kmeans_k3_v1
790,2,Large-Basket Occasional Shoppers,kmeans_k3_v1
791,3,Low-Value Low-Engagement Shoppers,kmeans_k3_v1
792,3,Low-Value Low-Engagement Shoppers,kmeans_k3_v1
793,2,Large-Basket Occasional Shoppers,kmeans_k3_v1
794,2,Large-Basket Occasional Shoppers,kmeans_k3_v1
795,2,Large-Basket Occasional Shoppers,kmeans_k3_v1
796,3,Low-Value Low-Engagement Shoppers,kmeans_k3_v1
797,1,High-Value Frequent Shoppers,kmeans_k3_v1
798,2,Large-Basket Occasional Shoppers,kmeans_k3_v1
799,2,Large-Basket Occasional Shoppers,kmeans_k3_v1
800,1,High-Value Frequent Shoppers,kmeans_k3_v1
801,2,Large-Basket Occasional Shoppers,kmeans_k3_v1
802,2,Large-Basket Occasional Shoppers,kmeans_k3_v1
803,2,Large-Basket Occasional Shoppers,kmeans_k3_v1
804,1,High-Value Frequent Shoppers,kmeans_k3_v1
805,1,High-Value Frequent Shoppers,kmeans_k3_v1
806,1,High-Value Frequent Shoppers,kmeans_k3_v1
807,2,Large-Basket Occasional Shoppers,kmeans_k3_v1
808,1,High-Value Frequent Shoppers,kmeans_k3_v1
809,3,Low-Value Low-Engagement Shoppers,kmeans_k3_v1
810,3,Low-Value Low-Engagement Shoppers,kmeans_k3_v1
811,3,Low-Value Low-Engagement Shoppers,kmeans_k3_v1
812,3,Low-Value Low-Engagement Shoppers,kmeans_k3_v1
813,2,Large-Basket Occasional Shoppers,kmeans_k3_v1
814,2,Large-Basket Occasional Shoppers,kmeans_k3_v1
815,2,Large-Basket Occasional Shoppers,kmeans_k3_v1
816,1,High-Value Frequent Shoppers,kmeans_k3_v1
817,1,High-Value Frequent Shoppers,kmeans_k3_v1
818,2,Large-Basket Occasional Shoppers,kmeans_k3_v1
819,2,Large-Basket Occasional Shoppers,kmeans_k3_v1
820,1,High-Value Frequent Shoppers,kmeans_k3_v1
821,3,Low-Value Low-Engagement Shoppers,kmeans_k3_v1
822,2,Large-Basket Occasional Shoppers,kmeans_k3_v1
823,1,High-Value Frequent Shoppers,kmeans_k3_v1
824,2,Large-Basket Occasional Shoppers,kmeans_k3_v1
825,1,High-Value Frequent Shoppers,kmeans_k3_v1
826,3,Low-Value Low-Engagement Shoppers,kmeans_k3_v1
827,3,Low-Value Low-Engagement Shoppers,kmeans_k3_v1
828,2,Large-Basket Occasional Shoppers,kmeans_k3_v1
829,2,Large-Basket Occasional Shoppers,kmeans_k3_v1
830,1,High-Value Frequent Shoppers,kmeans_k3_v1
831,1,High-Value Frequent Shoppers,kmeans_k3_v1
832,2,Large-Basket Occasional Shoppers,kmeans_k3_v1
833,2,Large-Basket Occasional Shoppers,kmeans_k3_v1
834,2,Large-Basket Occasional Shoppers,kmeans_k3_v1
835,3,Low-Value Low-Engagement Shoppers,kmeans_k3_v1
836,2,Large-Basket Occasional Shoppers,kmeans_k3_v1
837,2,Large-Basket Occasional Shoppers,kmeans_k3_v1
838,3,Low-Value Low-Engagement Shoppers,kmeans_k3_v1
839,2,Large-Basket Occasional Shoppers,kmeans_k3_v1
840,1,High-Value Frequent Shoppers,kmeans_k3_v1
841,1,High-Value Frequent Shoppers,kmeans_k3_v1
842,1,High-Value Frequent Shoppers,kmeans_k3_v1
843,2,Large-Basket Occasional Shoppers,kmeans_k3_v1
844,1,High-Value Frequent Shoppers,kmeans_k3_v1
845,1,High-Value Frequent Shoppers,kmeans_k3_v1
846,2,Large-Basket Occasional Shoppers,kmeans_k3_v1
847,2,Large-Basket Occasional Shoppers,kmeans_k3_v1
848,2,Large-Basket Occasional Shoppers,kmeans_k3_v1
849,2,Large-Basket Occasional Shoppers,kmeans_k3_v1
850,3,Low-Value Low-Engagement Shoppers,kmeans_k3_v1
851,3,Low-Value Low-Engagement Shoppers,kmeans_k3_v1
852,1,High-Value Frequent Shoppers,kmeans_k3_v1
853,1,High-Value Frequent Shoppers,kmeans_k3_v1
854,3,Low-Value Low-Engagement Shoppers,kmeans_k3_v1
855,1,High-Value Frequent Shoppers,kmeans_k3_v1
856,1,High-Value Frequent Shoppers,kmeans_k3_v1
857,2,Large-Basket Occasional Shoppers,kmeans_k3_v1
858,3,Low-Value Low-Engagement Shoppers,kmeans_k3_v1
859,1,High-Value Frequent Shoppers,kmeans_k3_v1
860,3,Low-Value Low-Engagement Shoppers,kmeans_k3_v1
861,2,Large-Basket Occasional Shoppers,kmeans_k3_v1
862,1,High-Value Frequent Shoppers,kmeans_k3_v1
863,1,High-Value Frequent Shoppers,kmeans_k3_v1
864,1,High-Value Frequent Shoppers,kmeans_k3_v1
865,2,Large-Basket Occasional Shoppers,kmeans_k3_v1
866,1,High-Value Frequent Shoppers,kmeans_k3_v1
867,1,High-Value Frequent Shoppers,kmeans_k3_v1
868,1,High-Value Frequent Shoppers,kmeans_k3_v1
869,3,Low-Value Low-Engagement Shoppers,kmeans_k3_v1
870,3,Low-Value Low-Engagement Shoppers,kmeans_k3_v1
871,1,High-Value Frequent Shoppers,kmeans_k3_v1
872,3,Low-Value Low-Engagement Shoppers,kmeans_k3_v1
873,2,Large-Basket Occasional Shoppers,kmeans_k3_v1
874,3,Low-Value Low-Engagement Shoppers,kmeans_k3_v1
875,2,Large-Basket Occasional Shoppers,kmeans_k3_v1
876,1,High-Value Frequent Shoppers,kmeans_k3_v1
877,2,Large-Basket Occasional Shoppers,kmeans_k3_v1
878,1,High-Value Frequent Shoppers,kmeans_k3_v1
879,2,Large-Basket Occasional Shoppers,kmeans_k3_v1
880,3,Low-Value Low-Engagement Shoppers,kmeans_k3_v1
881,1,High-Value Frequent Shoppers,kmeans_k3_v1
882,1,High-Value Frequent Shoppers,kmeans_k3_v1
883,1,High-Value Frequent Shoppers,kmeans_k3_v1
884,3,Low-Value Low-Engagement Shoppers,kmeans_k3_v1
885,1,High-Value Frequent Shoppers,kmeans_k3_v1
886,1,High-Value Frequent Shoppers,kmeans_k3_v1
887,2,Large-Basket Occasional Shoppers,kmeans_k3_v1
888,2,Large-Basket Occasional Shoppers,kmeans_k3_v1
889,1,High-Value Frequent Shoppers,kmeans_k3_v1
890,2,Large-Basket Occasional Shoppers,kmeans_k3_v1
891,1,High-Value Frequent Shoppers,kmeans_k3_v1
892,2,Large-Basket Occasional Shoppers,kmeans_k3_v1
893,1,High-Value Frequent Shoppers,kmeans_k3_v1
894,2,Large-Basket Occasional Shoppers,kmeans_k3_v1
895,1,High-Value Frequent Shoppers,kmeans_k3_v1
896,1,High-Value Frequent Shoppers,kmeans_k3_v1
897,3,Low-Value Low-Engagement Shoppers,kmeans_k3_v1
898,1,High-Value Frequent Shoppers,kmeans_k3_v1
899,3,Low-Value Low-Engagement Shoppers,kmeans_k3_v1
900,1,High-Value Frequent Shoppers,kmeans_k3_v1
901,1,High-Value Frequent Shoppers,kmeans_k3_v1
902,3,Low-Value Low-Engagement Shoppers,kmeans_k3_v1
903,2,Large-Basket Occasional Shoppers,kmeans_k3_v1
904,2,Large-Basket Occasional Shoppers,kmeans_k3_v1
905,2,Large-Basket Occasional Shoppers,kmeans_k3_v1
906,1,High-Value Frequent Shoppers,kmeans_k3_v1
907,2,Large-Basket Occasional Shoppers,kmeans_k3_v1
908,1,High-Value Frequent Shoppers,kmeans_k3_v1
909,1,High-Value Frequent Shoppers,kmeans_k3_v1
910,2,Large-Basket Occasional Shoppers,kmeans_k3_v1
911,2,Large-Basket Occasional Shoppers,kmeans_k3_v1
912,2,Large-Basket Occasional Shoppers,kmeans_k3_v1
913,2,Large-Basket Occasional Shoppers,kmeans_k3_v1
914,2,Large-Basket Occasional Shoppers,kmeans_k3_v1
915,3,Low-Value Low-Engagement Shoppers,kmeans_k3_v1
916,1,High-Value Frequent Shoppers,kmeans_k3_v1
917,3,Low-Value Low-Engagement Shoppers,kmeans_k3_v1
918,1,High-Value Frequent Shoppers,kmeans_k3_v1
919,3,Low-Value Low-Engagement Shoppers,kmeans_k3_v1
920,1,High-Value Frequent Shoppers,kmeans_k3_v1
921,3,Low-Value Low-Engagement Shoppers,kmeans_k3_v1
922,1,High-Value Frequent Shoppers,kmeans_k3_v1
923,1,High-Value Frequent Shoppers,kmeans_k3_v1
924,2,Large-Basket Occasional Shoppers,kmeans_k3_v1
925,3,Low-Value Low-Engagement Shoppers,kmeans_k3_v1
926,1,High-Value Frequent Shoppers,kmeans_k3_v1
927,2,Large-Basket Occasional Shoppers,kmeans_k3_v1
928,1,High-Value Frequent Shoppers,kmeans_k3_v1
929,1,High-Value Frequent Shoppers,kmeans_k3_v1
930,3,Low-Value Low-Engagement Shoppers,kmeans_k3_v1
931,2,Large-Basket Occasional Shoppers,kmeans_k3_v1
932,1,High-Value Frequent Shoppers,kmeans_k3_v1
933,2,Large-Basket Occasional Shoppers,kmeans_k3_v1
934,1,High-Value Frequent Shoppers,kmeans_k3_v1
935,2,Large-Basket Occasional Shoppers,kmeans_k3_v1
936,1,High-Value Frequent Shoppers,kmeans_k3_v1
937,2,Large-Basket Occasional Shoppers,kmeans_k3_v1
938,2,Large-Basket Occasional Shoppers,kmeans_k3_v1
939,1,High-Value Frequent Shoppers,kmeans_k3_v1
940,2,Large-Basket Occasional Shoppers,kmeans_k3_v1
941,1,High-Value Frequent Shoppers,kmeans_k3_v1
942,1,High-Value Frequent Shoppers,kmeans_k3_v1
943,1,High-Value Frequent Shoppers,kmeans_k3_v1
944,1,High-Value Frequent Shoppers,kmeans_k3_v1
945,2,Large-Basket Occasional Shoppers,kmeans_k3_v1
946,1,High-Value Frequent Shoppers,kmeans_k3_v1
947,1,High-Value Frequent Shoppers,kmeans_k3_v1
948,2,Large-Basket Occasional Shoppers,kmeans_k3_v1
949,1,High-Value Frequent Shoppers,kmeans_k3_v1
950,2,Large-Basket Occasional Shoppers,kmeans_k3_v1
951,2,Large-Basket Occasional Shoppers,kmeans_k3_v1
952,1,High-Value Frequent Shoppers,kmeans_k3_v1
953,1,High-Value Frequent Shoppers,kmeans_k3_v1
954,2,Large-Basket Occasional Shoppers,kmeans_k3_v1
955,1,High-Value Frequent Shoppers,kmeans_k3_v1
956,1,High-Value Frequent Shoppers,kmeans_k3_v1
957,1,High-Value Frequent Shoppers,kmeans_k3_v1
958,3,Low-Value Low-Engagement Shoppers,kmeans_k3_v1
959,3,Low-Value Low-Engagement Shoppers,kmeans_k3_v1
960,1,High-Value Frequent Shoppers,kmeans_k3_v1
961,2,Large-Basket Occasional Shoppers,kmeans_k3_v1
962,2,Large-Basket Occasional Shoppers,kmeans_k3_v1
963,2,Large-Basket Occasional Shoppers,kmeans_k3_v1
964,1,High-Value Frequent Shoppers,kmeans_k3_v1
965,2,Large-Basket Occasional Shoppers,kmeans_k3_v1
966,3,Low-Value Low-Engagement Shoppers,kmeans_k3_v1
967,3,Low-Value Low-Engagement Shoppers,kmeans_k3_v1
968,1,High-Value Frequent Shoppers,kmeans_k3_v1
969,2,Large-Basket Occasional Shoppers,kmeans_k3_v1
970,2,Large-Basket Occasional Shoppers,kmeans_k3_v1
971,1,High-Value Frequent Shoppers,kmeans_k3_v1
972,1,High-Value Frequent Shoppers,kmeans_k3_v1
973,1,High-Value Frequent Shoppers,kmeans_k3_v1
974,2,Large-Basket Occasional Shoppers,kmeans_k3_v1
975,1,High-Value Frequent Shoppers,kmeans_k3_v1
976,1,High-Value Frequent Shoppers,kmeans_k3_v1
977,2,Large-Basket Occasional Shoppers,kmeans_k3_v1
978,1,High-Value Frequent Shoppers,kmeans_k3_v1
979,1,High-Value Frequent Shoppers,kmeans_k3_v1
980,2,Large-Basket Occasional Shoppers,kmeans_k3_v1
981,2,Large-Basket Occasional Shoppers,kmeans_k3_v1
982,1,High-Value Frequent Shoppers,kmeans_k3_v1
983,1,High-Value Frequent Shoppers,kmeans_k3_v1
984,2,Large-Basket Occasional Shoppers,kmeans_k3_v1
985,1,High-Value Frequent Shoppers,kmeans_k3_v1
986,2,Large-Basket Occasional Shoppers,kmeans_k3_v1
987,2,Large-Basket Occasional Shoppers,kmeans_k3_v1
988,1,High-Value Frequent Shoppers,kmeans_k3_v1
989,1,High-Value Frequent Shoppers,kmeans_k3_v1
990,3,Low-Value Low-Engagement Shoppers,kmeans_k3_v1
991,3,Low-Value Low-Engagement Shoppers,kmeans_k3_v1
992,3,Low-Value Low-Engagement Shoppers,kmeans_k3_v1
993,1,High-Value Frequent Shoppers,kmeans_k3_v1
994,3,Low-Value Low-Engagement Shoppers,kmeans_k3_v1
995,2,Large-Basket Occasional Shoppers,kmeans_k3_v1
996,1,High-Value Frequent Shoppers,kmeans_k3_v1
997,1,High-Value Frequent Shoppers,kmeans_k3_v1
998,1,High-Value Frequent Shoppers,kmeans_k3_v1
999,2,Large-Basket Occasional Shoppers,kmeans_k3_v1
1000,1,High-Value Frequent Shoppers,kmeans_k3_v1
1001,1,High-Value Frequent Shoppers,kmeans_k3_v1
1002,2,Large-Basket Occasional Shoppers,kmeans_k3_v1
1003,2,Large-Basket Occasional Shoppers,kmeans_k3_v1
1004,1,High-Value Frequent Shoppers,kmeans_k3_v1
1005,1,High-Value Frequent Shoppers,kmeans_k3_v1
1006,3,Low-Value Low-Engagement Shoppers,kmeans_k3_v1
1007,1,High-Value Frequent Shoppers,kmeans_k3_v1
1008,3,Low-Value Low-Engagement Shoppers,kmeans_k3_v1
1009,3,Low-Value Low-Engagement Shoppers,kmeans_k3_v1
1010,1,High-Value Frequent Shoppers,kmeans_k3_v1
1011,1,High-Value Frequent Shoppers,kmeans_k3_v1
1012,1,High-Value Frequent Shoppers,kmeans_k3_v1
1013,2,Large-Basket Occasional Shoppers,kmeans_k3_v1
1014,1,High-Value Frequent Shoppers,kmeans_k3_v1
1015,1,High-Value Frequent Shoppers,kmeans_k3_v1
1016,2,Large-Basket Occasional Shoppers,kmeans_k3_v1
1017,2,Large-Basket Occasional Shoppers,kmeans_k3_v1
1018,1,High-Value Frequent Shoppers,kmeans_k3_v1
1019,2,Large-Basket Occasional Shoppers,kmeans_k3_v1
1020,1,High-Value Frequent Shoppers,kmeans_k3_v1
1021,3,Low-Value Low-Engagement Shoppers,kmeans_k3_v1
1022,3,Low-Value Low-Engagement Shoppers,kmeans_k3_v1
1023,1,High-Value Frequent Shoppers,kmeans_k3_v1
1024,1,High-Value Frequent Shoppers,kmeans_k3_v1
1025,2,Large-Basket Occasional Shoppers,kmeans_k3_v1
1026,3,Low-Value Low-Engagement Shoppers,kmeans_k3_v1
1027,2,Large-Basket Occasional Shoppers,kmeans_k3_v1
1028,3,Low-Value Low-Engagement Shoppers,kmeans_k3_v1
1029,1,High-Value Frequent Shoppers,kmeans_k3_v1
1030,2,Large-Basket Occasional Shoppers,kmeans_k3_v1
1031,1,High-Value Frequent Shoppers,kmeans_k3_v1
1032,2,Large-Basket Occasional Shoppers,kmeans_k3_v1
1033,2,Large-Basket Occasional Shoppers,kmeans_k3_v1
1034,3,Low-Value Low-Engagement Shoppers,kmeans_k3_v1
1035,3,Low-Value Low-Engagement Shoppers,kmeans_k3_v1
1036,2,Large-Basket Occasional Shoppers,kmeans_k3_v1
1037,3,Low-Value Low-Engagement Shoppers,kmeans_k3_v1
1038,3,Low-Value Low-Engagement Shoppers,kmeans_k3_v1
1039,1,High-Value Frequent Shoppers,kmeans_k3_v1
1040,1,High-Value Frequent Shoppers,kmeans_k3_v1
1041,1,High-Value Frequent Shoppers,kmeans_k3_v1
1042,1,High-Value Frequent Shoppers,kmeans_k3_v1
1043,2,Large-Basket Occasional Shoppers,kmeans_k3_v1
1044,3,Low-Value Low-Engagement Shoppers,kmeans_k3_v1
1045,1,High-Value Frequent Shoppers,kmeans_k3_v1
1046,1,High-Value Frequent Shoppers,kmeans_k3_v1
1047,3,Low-Value Low-Engagement Shoppers,kmeans_k3_v1
1048,3,Low-Value Low-Engagement Shoppers,kmeans_k3_v1
1049,3,Low-Value Low-Engagement Shoppers,kmeans_k3_v1
1050,1,High-Value Frequent Shoppers,kmeans_k3_v1
1051,2,Large-Basket Occasional Shoppers,kmeans_k3_v1
1052,2,Large-Basket Occasional Shoppers,kmeans_k3_v1
1053,2,Large-Basket Occasional Shoppers,kmeans_k3_v1
1054,2,Large-Basket Occasional Shoppers,kmeans_k3_v1
1055,2,Large-Basket Occasional Shoppers,kmeans_k3_v1
1056,2,Large-Basket Occasional Shoppers,kmeans_k3_v1
1057,1,High-Value Frequent Shoppers,kmeans_k3_v1
1058,1,High-Value Frequent Shoppers,kmeans_k3_v1
1059,3,Low-Value Low-Engagement Shoppers,kmeans_k3_v1
1060,2,Large-Basket Occasional Shoppers,kmeans_k3_v1
1061,1,High-Value Frequent Shoppers,kmeans_k3_v1
1062,3,Low-Value Low-Engagement Shoppers,kmeans_k3_v1
1063,2,Large-Basket Occasional Shoppers,kmeans_k3_v1
1064,2,Large-Basket Occasional Shoppers,kmeans_k3_v1
1065,2,Large-Basket Occasional Shoppers,kmeans_k3_v1
1066,1,High-Value Frequent Shoppers,kmeans_k3_v1
1067,2,Large-Basket Occasional Shoppers,kmeans_k3_v1
1068,3,Low-Value Low-Engagement Shoppers,kmeans_k3_v1
1069,2,Large-Basket Occasional Shoppers,kmeans_k3_v1
1070,1,High-Value Frequent Shoppers,kmeans_k3_v1
1071,2,Large-Basket Occasional Shoppers,kmeans_k3_v1
1072,2,Large-Basket Occasional Shoppers,kmeans_k3_v1
1073,1,High-Value Frequent Shoppers,kmeans_k3_v1
1074,1,High-Value Frequent Shoppers,kmeans_k3_v1
1075,3,Low-Value Low-Engagement Shoppers,kmeans_k3_v1
1076,1,High-Value Frequent Shoppers,kmeans_k3_v1
1077,2,Large-Basket Occasional Shoppers,kmeans_k3_v1
1078,1,High-Value Frequent Shoppers,kmeans_k3_v1
1079,3,Low-Value Low-Engagement Shoppers,kmeans_k3_v1
1080,2,Large-Basket Occasional Shoppers,kmeans_k3_v1
1081,1,High-Value Frequent Shoppers,kmeans_k3_v1
1082,1,High-Value Frequent Shoppers,kmeans_k3_v1
1083,2,Large-Basket Occasional Shoppers,kmeans_k3_v1
1084,1,High-Value Frequent Shoppers,kmeans_k3_v1
1085,1,High-Value Frequent Shoppers,kmeans_k3_v1
1086,2,Large-Basket Occasional Shoppers,kmeans_k3_v1
1087,1,High-Value Frequent Shoppers,kmeans_k3_v1
1088,2,Large-Basket Occasional Shoppers,kmeans_k3_v1
1089,2,Large-Basket Occasional Shoppers,kmeans_k3_v1
1090,3,Low-Value Low-Engagement Shoppers,kmeans_k3_v1
1091,1,High-Value Frequent Shoppers,kmeans_k3_v1
1092,2,Large-Basket Occasional Shoppers,kmeans_k3_v1
1093,2,Large-Basket Occasional Shoppers,kmeans_k3_v1
1094,1,High-Value Frequent Shoppers,kmeans_k3_v1
1095,3,Low-Value Low-Engagement Shoppers,kmeans_k3_v1
1096,3,Low-Value Low-Engagement Shoppers,kmeans_k3_v1
1097,1,High-Value Frequent Shoppers,kmeans_k3_v1
1098,1,High-Value Frequent Shoppers,kmeans_k3_v1
1099,2,Large-Basket Occasional Shoppers,kmeans_k3_v1
1100,3,Low-Value Low-Engagement Shoppers,kmeans_k3_v1
1101,3,Low-Value Low-Engagement Shoppers,kmeans_k3_v1
1102,2,Large-Basket Occasional Shoppers,kmeans_k3_v1
1103,1,High-Value Frequent Shoppers,kmeans_k3_v1
1104,1,High-Value Frequent Shoppers,kmeans_k3_v1
1105,2,Large-Basket Occasional Shoppers,kmeans_k3_v1
1106,3,Low-Value Low-Engagement Shoppers,kmeans_k3_v1
1107,2,Large-Basket Occasional Shoppers,kmeans_k3_v1
1108,3,Low-Value Low-Engagement Shoppers,kmeans_k3_v1
1109,2,Large-Basket Occasional Shoppers,kmeans_k3_v1
1110,1,High-Value Frequent Shoppers,kmeans_k3_v1
1111,1,High-Value Frequent Shoppers,kmeans_k3_v1
1112,2,Large-Basket Occasional Shoppers,kmeans_k3_v1
1113,1,High-Value Frequent Shoppers,kmeans_k3_v1
1114,3,Low-Value Low-Engagement Shoppers,kmeans_k3_v1
1115,2,Large-Basket Occasional Shoppers,kmeans_k3_v1
1116,2,Large-Basket Occasional Shoppers,kmeans_k3_v1
1117,1,High-Value Frequent Shoppers,kmeans_k3_v1
1118,2,Large-Basket Occasional Shoppers,kmeans_k3_v1
1119,2,Large-Basket Occasional Shoppers,kmeans_k3_v1
1120,1,High-Value Frequent Shoppers,kmeans_k3_v1
1121,2,Large-Basket Occasional Shoppers,kmeans_k3_v1
1122,3,Low-Value Low-Engagement Shoppers,kmeans_k3_v1
1123,2,Large-Basket Occasional Shoppers,kmeans_k3_v1
1124,2,Large-Basket Occasional Shoppers,kmeans_k3_v1
1125,3,Low-Value Low-Engagement Shoppers,kmeans_k3_v1
1126,2,Large-Basket Occasional Shoppers,kmeans_k3_v1
1127,2,Large-Basket Occasional Shoppers,kmeans_k3_v1
1128,1,High-Value Frequent Shoppers,kmeans_k3_v1
1129,1,High-Value Frequent Shoppers,kmeans_k3_v1
1130,1,High-Value Frequent Shoppers,kmeans_k3_v1
1131,1,High-Value Frequent Shoppers,kmeans_k3_v1
1132,2,Large-Basket Occasional Shoppers,kmeans_k3_v1
1133,3,Low-Value Low-Engagement Shoppers,kmeans_k3_v1
1134,2,Large-Basket Occasional Shoppers,kmeans_k3_v1
1135,3,Low-Value Low-Engagement Shoppers,kmeans_k3_v1
1136,2,Large-Basket Occasional Shoppers,kmeans_k3_v1
1137,2,Large-Basket Occasional Shoppers,kmeans_k3_v1
1138,1,High-Value Frequent Shoppers,kmeans_k3_v1
1139,1,High-Value Frequent Shoppers,kmeans_k3_v1
1140,2,Large-Basket Occasional Shoppers,kmeans_k3_v1
1141,2,Large-Basket Occasional Shoppers,kmeans_k3_v1
1142,1,High-Value Frequent Shoppers,kmeans_k3_v1
1143,3,Low-Value Low-Engagement Shoppers,kmeans_k3_v1
1144,3,Low-Value Low-Engagement Shoppers,kmeans_k3_v1
1145,2,Large-Basket Occasional Shoppers,kmeans_k3_v1
1146,1,High-Value Frequent Shoppers,kmeans_k3_v1
1147,2,Large-Basket Occasional Shoppers,kmeans_k3_v1
1148,3,Low-Value Low-Engagement Shoppers,kmeans_k3_v1
1149,3,Low-Value Low-Engagement Shoppers,kmeans_k3_v1
1150,2,Large-Basket Occasional Shoppers,kmeans_k3_v1
1151,1,High-Value Frequent Shoppers,kmeans_k3_v1
1152,3,Low-Value Low-Engagement Shoppers,kmeans_k3_v1
1153,2,Large-Basket Occasional Shoppers,kmeans_k3_v1
1154,1,High-Value Frequent Shoppers,kmeans_k3_v1
1155,2,Large-Basket Occasional Shoppers,kmeans_k3_v1
1156,3,Low-Value Low-Engagement Shoppers,kmeans_k3_v1
1157,2,Large-Basket Occasional Shoppers,kmeans_k3_v1
1158,1,High-Value Frequent Shoppers,kmeans_k3_v1
1159,1,High-Value Frequent Shoppers,kmeans_k3_v1
1160,1,High-Value Frequent Shoppers,kmeans_k3_v1
1161,2,Large-Basket Occasional Shoppers,kmeans_k3_v1
1162,3,Low-Value Low-Engagement Shoppers,kmeans_k3_v1
1163,1,High-Value Frequent Shoppers,kmeans_k3_v1
1164,1,High-Value Frequent Shoppers,kmeans_k3_v1
1165,2,Large-Basket Occasional Shoppers,kmeans_k3_v1
1166,1,High-Value Frequent Shoppers,kmeans_k3_v1
1167,1,High-Value Frequent Shoppers,kmeans_k3_v1
1168,3,Low-Value Low-Engagement Shoppers,kmeans_k3_v1
1169,1,High-Value Frequent Shoppers,kmeans_k3_v1
1170,3,Low-Value Low-Engagement Shoppers,kmeans_k3_v1
1171,2,Large-Basket Occasional Shoppers,kmeans_k3_v1
1172,1,High-Value Frequent Shoppers,kmeans_k3_v1
1173,3,Low-Value Low-Engagement Shoppers,kmeans_k3_v1
1174,1,High-Value Frequent Shoppers,kmeans_k3_v1
1175,1,High-Value Frequent Shoppers,kmeans_k3_v1
1176,3,Low-Value Low-Engagement Shoppers,kmeans_k3_v1
1177,3,Low-Value Low-Engagement Shoppers,kmeans_k3_v1
1178,1,High-Value Frequent Shoppers,kmeans_k3_v1
1179,1,High-Value Frequent Shoppers,kmeans_k3_v1
1180,1,High-Value Frequent Shoppers,kmeans_k3_v1
1181,2,Large-Basket Occasional Shoppers,kmeans_k3_v1
1182,3,Low-Value Low-Engagement Shoppers,kmeans_k3_v1
1183,2,Large-Basket Occasional Shoppers,kmeans_k3_v1
1184,2,Large-Basket Occasional Shoppers,kmeans_k3_v1
1185,2,Large-Basket Occasional Shoppers,kmeans_k3_v1
1186,1,High-Value Frequent Shoppers,kmeans_k3_v1
1187,1,High-Value Frequent Shoppers,kmeans_k3_v1
1188,1,High-Value Frequent Shoppers,kmeans_k3_v1
1189,3,Low-Value Low-Engagement Shoppers,kmeans_k3_v1
1190,1,High-Value Frequent Shoppers,kmeans_k3_v1
1191,1,High-Value Frequent Shoppers,kmeans_k3_v1
1192,2,Large-Basket Occasional Shoppers,kmeans_k3_v1
1193,1,High-Value Frequent Shoppers,kmeans_k3_v1
1194,2,Large-Basket Occasional Shoppers,kmeans_k3_v1
1195,2,Large-Basket Occasional Shoppers,kmeans_k3_v1
1196,2,Large-Basket Occasional Shoppers,kmeans_k3_v1
1197,1,High-Value Frequent Shoppers,kmeans_k3_v1
1198,2,Large-Basket Occasional Shoppers,kmeans_k3_v1
1199,3,Low-Value Low-Engagement Shoppers,kmeans_k3_v1
1200,2,Large-Basket Occasional Shoppers,kmeans_k3_v1
1201,3,Low-Value Low-Engagement Shoppers,kmeans_k3_v1
1202,2,Large-Basket Occasional Shoppers,kmeans_k3_v1
1203,1,High-Value Frequent Shoppers,kmeans_k3_v1
1204,2,Large-Basket Occasional Shoppers,kmeans_k3_v1
1205,1,High-Value Frequent Shoppers,kmeans_k3_v1
1206,1,High-Value Frequent Shoppers,kmeans_k3_v1
1207,3,Low-Value Low-Engagement Shoppers,kmeans_k3_v1
1208,2,Large-Basket Occasional Shoppers,kmeans_k3_v1
1209,3,Low-Value Low-Engagement Shoppers,kmeans_k3_v1
1210,2,Large-Basket Occasional Shoppers,kmeans_k3_v1
1211,1,High-Value Frequent Shoppers,kmeans_k3_v1
1212,2,Large-Basket Occasional Shoppers,kmeans_k3_v1
1213,3,Low-Value Low-Engagement Shoppers,kmeans_k3_v1
1214,3,Low-Value Low-Engagement Shoppers,kmeans_k3_v1
1215,2,Large-Basket Occasional Shoppers,kmeans_k3_v1
1216,1,High-Value Frequent Shoppers,kmeans_k3_v1
1217,2,Large-Basket Occasional Shoppers,kmeans_k3_v1
1218,1,High-Value Frequent Shoppers,kmeans_k3_v1
1219,3,Low-Value Low-Engagement Shoppers,kmeans_k3_v1
1220,2,Large-Basket Occasional Shoppers,kmeans_k3_v1
1221,2,Large-Basket Occasional Shoppers,kmeans_k3_v1
1222,1,High-Value Frequent Shoppers,kmeans_k3_v1
1223,2,Large-Basket Occasional Shoppers,kmeans_k3_v1
1224,2,Large-Basket Occasional Shoppers,kmeans_k3_v1
1225,3,Low-Value Low-Engagement Shoppers,kmeans_k3_v1
1226,2,Large-Basket Occasional Shoppers,kmeans_k3_v1
1227,1,High-Value Frequent Shoppers,kmeans_k3_v1
1228,1,High-Value Frequent Shoppers,kmeans_k3_v1
1229,1,High-Value Frequent Shoppers,kmeans_k3_v1
1230,3,Low-Value Low-Engagement Shoppers,kmeans_k3_v1
1231,2,Large-Basket Occasional Shoppers,kmeans_k3_v1
1232,2,Large-Basket Occasional Shoppers,kmeans_k3_v1
1233,2,Large-Basket Occasional Shoppers,kmeans_k3_v1
1234,1,High-Value Frequent Shoppers,kmeans_k3_v1
1235,2,Large-Basket Occasional Shoppers,kmeans_k3_v1
1236,1,High-Value Frequent Shoppers,kmeans_k3_v1
1237,2,Large-Basket Occasional Shoppers,kmeans_k3_v1
1238,2,Large-Basket Occasional Shoppers,kmeans_k3_v1
1239,2,Large-Basket Occasional Shoppers,kmeans_k3_v1
1240,1,High-Value Frequent Shoppers,kmeans_k3_v1
1241,1,High-Value Frequent Shoppers,kmeans_k3_v1
1242,3,Low-Value Low-Engagement Shoppers,kmeans_k3_v1
1243,3,Low-Value Low-Engagement Shoppers,kmeans_k3_v1
1244,2,Large-Basket Occasional Shoppers,kmeans_k3_v1
1245,1,High-Value Frequent Shoppers,kmeans_k3_v1
1246,1,High-Value Frequent Shoppers,kmeans_k3_v1
1247,1,High-Value Frequent Shoppers,kmeans_k3_v1
1248,1,High-Value Frequent Shoppers,kmeans_k3_v1
1249,3,Low-Value Low-Engagement Shoppers,kmeans_k3_v1
1250,2,Large-Basket Occasional Shoppers,kmeans_k3_v1
1251,3,Low-Value Low-Engagement Shoppers,kmeans_k3_v1
1252,2,Large-Basket Occasional Shoppers,kmeans_k3_v1
1253,3,Low-Value Low-Engagement Shoppers,kmeans_k3_v1
1254,2,Large-Basket Occasional Shoppers,kmeans_k3_v1
1255,3,Low-Value Low-Engagement Shoppers,kmeans_k3_v1
1256,1,High-Value Frequent Shoppers,kmeans_k3_v1
1257,2,Large-Basket Occasional Shoppers,kmeans_k3_v1
1258,1,High-Value Frequent Shoppers,kmeans_k3_v1
1259,2,Large-Basket Occasional Shoppers,kmeans_k3_v1
1260,1,High-Value Frequent Shoppers,kmeans_k3_v1
1261,1,High-Value Frequent Shoppers,kmeans_k3_v1
1262,2,Large-Basket Occasional Shoppers,kmeans_k3_v1
1263,1,High-Value Frequent Shoppers,kmeans_k3_v1
1264,1,High-Value Frequent Shoppers,kmeans_k3_v1
1265,2,Large-Basket Occasional Shoppers,kmeans_k3_v1
1266,3,Low-Value Low-Engagement Shoppers,kmeans_k3_v1
1267,2,Large-Basket Occasional Shoppers,kmeans_k3_v1
1268,2,Large-Basket Occasional Shoppers,kmeans_k3_v1
1269,1,High-Value Frequent Shoppers,kmeans_k3_v1
1270,2,Large-Basket Occasional Shoppers,kmeans_k3_v1
1271,1,High-Value Frequent Shoppers,kmeans_k3_v1
1272,1,High-Value Frequent Shoppers,kmeans_k3_v1
1273,3,Low-Value Low-Engagement Shoppers,kmeans_k3_v1
1274,1,High-Value Frequent Shoppers,kmeans_k3_v1
1275,3,Low-Value Low-Engagement Shoppers,kmeans_k3_v1
1276,3,Low-Value Low-Engagement Shoppers,kmeans_k3_v1
1277,1,High-Value Frequent Shoppers,kmeans_k3_v1
1278,2,Large-Basket Occasional Shoppers,kmeans_k3_v1
1279,1,High-Value Frequent Shoppers,kmeans_k3_v1
1280,3,Low-Value Low-Engagement Shoppers,kmeans_k3_v1
1281,3,Low-Value Low-Engagement Shoppers,kmeans_k3_v1
1282,1,High-Value Frequent Shoppers,kmeans_k3_v1
1283,3,Low-Value Low-Engagement Shoppers,kmeans_k3_v1
1284,1,High-Value Frequent Shoppers,kmeans_k3_v1
1285,1,High-Value Frequent Shoppers,kmeans_k3_v1
1286,3,Low-Value Low-Engagement Shoppers,kmeans_k3_v1
1287,1,High-Value Frequent Shoppers,kmeans_k3_v1
1288,2,Large-Basket Occasional Shoppers,kmeans_k3_v1
1289,3,Low-Value Low-Engagement Shoppers,kmeans_k3_v1
1290,2,Large-Basket Occasional Shoppers,kmeans_k3_v1
1291,1,High-Value Frequent Shoppers,kmeans_k3_v1
1292,3,Low-Value Low-Engagement Shoppers,kmeans_k3_v1
1293,1,High-Value Frequent Shoppers,kmeans_k3_v1
1294,2,Large-Basket Occasional Shoppers,kmeans_k3_v1
1295,2,Large-Basket Occasional Shoppers,kmeans_k3_v1
1296,2,Large-Basket Occasional Shoppers,kmeans_k3_v1
1297,1,High-Value Frequent Shoppers,kmeans_k3_v1
1298,2,Large-Basket Occasional Shoppers,kmeans_k3_v1
1299,1,High-Value Frequent Shoppers,kmeans_k3_v1
1300,1,High-Value Frequent Shoppers,kmeans_k3_v1
1301,3,Low-Value Low-Engagement Shoppers,kmeans_k3_v1
1302,3,Low-Value Low-Engagement Shoppers,kmeans_k3_v1
1303,1,High-Value Frequent Shoppers,kmeans_k3_v1
1304,3,Low-Value Low-Engagement Shoppers,kmeans_k3_v1
1305,1,High-Value Frequent Shoppers,kmeans_k3_v1
1306,1,High-Value Frequent Shoppers,kmeans_k3_v1
1307,3,Low-Value Low-Engagement Shoppers,kmeans_k3_v1
1308,3,Low-Value Low-Engagement Shoppers,kmeans_k3_v1
1309,3,Low-Value Low-Engagement Shoppers,kmeans_k3_v1
1310,2,Large-Basket Occasional Shoppers,kmeans_k3_v1
1311,2,Large-Basket Occasional Shoppers,kmeans_k3_v1
1312,1,High-Value Frequent Shoppers,kmeans_k3_v1
1313,2,Large-Basket Occasional Shoppers,kmeans_k3_v1
1314,1,High-Value Frequent Shoppers,kmeans_k3_v1
1315,2,Large-Basket Occasional Shoppers,kmeans_k3_v1
1316,2,Large-Basket Occasional Shoppers,kmeans_k3_v1
1317,1,High-Value Frequent Shoppers,kmeans_k3_v1
1318,2,Large-Basket Occasional Shoppers,kmeans_k3_v1
1319,2,Large-Basket Occasional Shoppers,kmeans_k3_v1
1320,2,Large-Basket Occasional Shoppers,kmeans_k3_v1
1321,1,High-Value Frequent Shoppers,kmeans_k3_v1
1322,3,Low-Value Low-Engagement Shoppers,kmeans_k3_v1
1323,3,Low-Value Low-Engagement Shoppers,kmeans_k3_v1
1324,2,Large-Basket Occasional Shoppers,kmeans_k3_v1
1325,1,High-Value Frequent Shoppers,kmeans_k3_v1
1326,1,High-Value Frequent Shoppers,kmeans_k3_v1
1327,2,Large-Basket Occasional Shoppers,kmeans_k3_v1
1328,1,High-Value Frequent Shoppers,kmeans_k3_v1
1329,2,Large-Basket Occasional Shoppers,kmeans_k3_v1
1330,2,Large-Basket Occasional Shoppers,kmeans_k3_v1
1331,3,Low-Value Low-Engagement Shoppers,kmeans_k3_v1
1332,2,Large-Basket Occasional Shoppers,kmeans_k3_v1
1333,1,High-Value Frequent Shoppers,kmeans_k3_v1
1334,3,Low-Value Low-Engagement Shoppers,kmeans_k3_v1
1335,2,Large-Basket Occasional Shoppers,kmeans_k3_v1
1336,1,High-Value Frequent Shoppers,kmeans_k3_v1
1337,1,High-Value Frequent Shoppers,kmeans_k3_v1
1338,1,High-Value Frequent Shoppers,kmeans_k3_v1
1339,2,Large-Basket Occasional Shoppers,kmeans_k3_v1
1340,3,Low-Value Low-Engagement Shoppers,kmeans_k3_v1
1341,2,Large-Basket Occasional Shoppers,kmeans_k3_v1
1342,3,Low-Value Low-Engagement Shoppers,kmeans_k3_v1
1343,2,Large-Basket Occasional Shoppers,kmeans_k3_v1
1344,2,Large-Basket Occasional Shoppers,kmeans_k3_v1
1345,2,Large-Basket Occasional Shoppers,kmeans_k3_v1
1346,3,Low-Value Low-Engagement Shoppers,kmeans_k3_v1
1347,1,High-Value Frequent Shoppers,kmeans_k3_v1
1348,3,Low-Value Low-Engagement Shoppers,kmeans_k3_v1
1349,1,High-Value Frequent Shoppers,kmeans_k3_v1
1350,1,High-Value Frequent Shoppers,kmeans_k3_v1
1351,3,Low-Value Low-Engagement Shoppers,kmeans_k3_v1
1352,1,High-Value Frequent Shoppers,kmeans_k3_v1
1353,1,High-Value Frequent Shoppers,kmeans_k3_v1
1354,2,Large-Basket Occasional Shoppers,kmeans_k3_v1
1355,2,Large-Basket Occasional Shoppers,kmeans_k3_v1
1356,2,Large-Basket Occasional Shoppers,kmeans_k3_v1
1357,2,Large-Basket Occasional Shoppers,kmeans_k3_v1
1358,1,High-Value Frequent Shoppers,kmeans_k3_v1
1359,3,Low-Value Low-Engagement Shoppers,kmeans_k3_v1
1360,2,Large-Basket Occasional Shoppers,kmeans_k3_v1
1361,2,Large-Basket Occasional Shoppers,kmeans_k3_v1
1362,3,Low-Value Low-Engagement Shoppers,kmeans_k3_v1
1363,1,High-Value Frequent Shoppers,kmeans_k3_v1
1364,1,High-Value Frequent Shoppers,kmeans_k3_v1
1365,3,Low-Value Low-Engagement Shoppers,kmeans_k3_v1
1366,1,High-Value Frequent Shoppers,kmeans_k3_v1
1367,1,High-Value Frequent Shoppers,kmeans_k3_v1
1368,2,Large-Basket Occasional Shoppers,kmeans_k3_v1
1369,1,High-Value Frequent Shoppers,kmeans_k3_v1
1370,1,High-Value Frequent Shoppers,kmeans_k3_v1
1371,3,Low-Value Low-Engagement Shoppers,kmeans_k3_v1
1372,2,Large-Basket Occasional Shoppers,kmeans_k3_v1
1373,3,Low-Value Low-Engagement Shoppers,kmeans_k3_v1
1374,1,High-Value Frequent Shoppers,kmeans_k3_v1
1375,1,High-Value Frequent Shoppers,kmeans_k3_v1
1376,1,High-Value Frequent Shoppers,kmeans_k3_v1
1377,3,Low-Value Low-Engagement Shoppers,kmeans_k3_v1
1378,1,High-Value Frequent Shoppers,kmeans_k3_v1
1379,1,High-Value Frequent Shoppers,kmeans_k3_v1
1380,3,Low-Value Low-Engagement Shoppers,kmeans_k3_v1
1381,3,Low-Value Low-Engagement Shoppers,kmeans_k3_v1
1382,2,Large-Basket Occasional Shoppers,kmeans_k3_v1
1383,3,Low-Value Low-Engagement Shoppers,kmeans_k3_v1
1384,2,Large-Basket Occasional Shoppers,kmeans_k3_v1
1385,2,Large-Basket Occasional Shoppers,kmeans_k3_v1
1386,3,Low-Value Low-Engagement Shoppers,kmeans_k3_v1
1387,2,Large-Basket Occasional Shoppers,kmeans_k3_v1
1388,1,High-Value Frequent Shoppers,kmeans_k3_v1
1389,2,Large-Basket Occasional Shoppers,kmeans_k3_v1
1390,1,High-Value Frequent Shoppers,kmeans_k3_v1
1391,1,High-Value Frequent Shoppers,kmeans_k3_v1
1392,2,Large-Basket Occasional Shoppers,kmeans_k3_v1
1393,1,High-Value Frequent Shoppers,kmeans_k3_v1
1394,1,High-Value Frequent Shoppers,kmeans_k3_v1
1395,3,Low-Value Low-Engagement Shoppers,kmeans_k3_v1
1396,1,High-Value Frequent Shoppers,kmeans_k3_v1
1397,1,High-Value Frequent Shoppers,kmeans_k3_v1
1398,3,Low-Value Low-Engagement Shoppers,kmeans_k3_v1
1399,2,Large-Basket Occasional Shoppers,kmeans_k3_v1
1400,2,Large-Basket Occasional Shoppers,kmeans_k3_v1
1401,3,Low-Value Low-Engagement Shoppers,kmeans_k3_v1
1402,1,High-Value Frequent Shoppers,kmeans_k3_v1
1403,1,High-Value Frequent Shoppers,kmeans_k3_v1
1404,2,Large-Basket Occasional Shoppers,kmeans_k3_v1
1405,2,Large-Basket Occasional Shoppers,kmeans_k3_v1
1406,1,High-Value Frequent Shoppers,kmeans_k3_v1
1407,2,Large-Basket Occasional Shoppers,kmeans_k3_v1
1408,3,Low-Value Low-Engagement Shoppers,kmeans_k3_v1
1409,1,High-Value Frequent Shoppers,kmeans_k3_v1
1410,2,Large-Basket Occasional Shoppers,kmeans_k3_v1
1411,3,Low-Value Low-Engagement Shoppers,kmeans_k3_v1
1412,2,Large-Basket Occasional Shoppers,kmeans_k3_v1
1413,3,Low-Value Low-Engagement Shoppers,kmeans_k3_v1
1414,3,Low-Value Low-Engagement Shoppers,kmeans_k3_v1
1415,3,Low-Value Low-Engagement Shoppers,kmeans_k3_v1
1416,3,Low-Value Low-Engagement Shoppers,kmeans_k3_v1
1417,2,Large-Basket Occasional Shoppers,kmeans_k3_v1
1418,2,Large-Basket Occasional Shoppers,kmeans_k3_v1
1419,1,High-Value Frequent Shoppers,kmeans_k3_v1
1420,2,Large-Basket Occasional Shoppers,kmeans_k3_v1
1421,1,High-Value Frequent Shoppers,kmeans_k3_v1
1422,2,Large-Basket Occasional Shoppers,kmeans_k3_v1
1423,3,Low-Value Low-Engagement Shoppers,kmeans_k3_v1
1424,3,Low-Value Low-Engagement Shoppers,kmeans_k3_v1
1425,1,High-Value Frequent Shoppers,kmeans_k3_v1
1426,2,Large-Basket Occasional Shoppers,kmeans_k3_v1
1427,1,High-Value Frequent Shoppers,kmeans_k3_v1
1428,1,High-Value Frequent Shoppers,kmeans_k3_v1
1429,3,Low-Value Low-Engagement Shoppers,kmeans_k3_v1
1430,1,High-Value Frequent Shoppers,kmeans_k3_v1
1431,1,High-Value Frequent Shoppers,kmeans_k3_v1
1432,2,Large-Basket Occasional Shoppers,kmeans_k3_v1
1433,3,Low-Value Low-Engagement Shoppers,kmeans_k3_v1
1434,1,High-Value Frequent Shoppers,kmeans_k3_v1
1435,2,Large-Basket Occasional Shoppers,kmeans_k3_v1
1436,3,Low-Value Low-Engagement Shoppers,kmeans_k3_v1
1437,1,High-Value Frequent Shoppers,kmeans_k3_v1
1438,2,Large-Basket Occasional Shoppers,kmeans_k3_v1
1439,3,Low-Value Low-Engagement Shoppers,kmeans_k3_v1
1440,1,High-Value Frequent Shoppers,kmeans_k3_v1
1441,2,Large-Basket Occasional Shoppers,kmeans_k3_v1
1442,3,Low-Value Low-Engagement Shoppers,kmeans_k3_v1
1443,3,Low-Value Low-Engagement Shoppers,kmeans_k3_v1
1444,3,Low-Value Low-Engagement Shoppers,kmeans_k3_v1
1445,1,High-Value Frequent Shoppers,kmeans_k3_v1
1446,2,Large-Basket Occasional Shoppers,kmeans_k3_v1
1447,3,Low-Value Low-Engagement Shoppers,kmeans_k3_v1
1448,3,Low-Value Low-Engagement Shoppers,kmeans_k3_v1
1449,3,Low-Value Low-Engagement Shoppers,kmeans_k3_v1
1450,3,Low-Value Low-Engagement Shoppers,kmeans_k3_v1
1451,1,High-Value Frequent Shoppers,kmeans_k3_v1
1452,3,Low-Value Low-Engagement Shoppers,kmeans_k3_v1
1453,1,High-Value Frequent Shoppers,kmeans_k3_v1
1454,1,High-Value Frequent Shoppers,kmeans_k3_v1
1455,2,Large-Basket Occasional Shoppers,kmeans_k3_v1
1456,2,Large-Basket Occasional Shoppers,kmeans_k3_v1
1457,2,Large-Basket Occasional Shoppers,kmeans_k3_v1
1458,1,High-Value Frequent Shoppers,kmeans_k3_v1
1459,2,Large-Basket Occasional Shoppers,kmeans_k3_v1
1460,2,Large-Basket Occasional Shoppers,kmeans_k3_v1
1461,1,High-Value Frequent Shoppers,kmeans_k3_v1
1462,1,High-Value Frequent Shoppers,kmeans_k3_v1
1463,1,High-Value Frequent Shoppers,kmeans_k3_v1
1464,2,Large-Basket Occasional Shoppers,kmeans_k3_v1
1465,2,Large-Basket Occasional Shoppers,kmeans_k3_v1
1466,3,Low-Value Low-Engagement Shoppers,kmeans_k3_v1
1467,1,High-Value Frequent Shoppers,kmeans_k3_v1
1468,2,Large-Basket Occasional Shoppers,kmeans_k3_v1
1469,2,Large-Basket Occasional Shoppers,kmeans_k3_v1
1470,1,High-Value Frequent Shoppers,kmeans_k3_v1
1471,3,Low-Value Low-Engagement Shoppers,kmeans_k3_v1
1472,3,Low-Value Low-Engagement Shoppers,kmeans_k3_v1
1473,1,High-Value Frequent Shoppers,kmeans_k3_v1
1474,2,Large-Basket Occasional Shoppers,kmeans_k3_v1
1475,1,High-Value Frequent Shoppers,kmeans_k3_v1
1476,1,High-Value Frequent Shoppers,kmeans_k3_v1
1477,3,Low-Value Low-Engagement Shoppers,kmeans_k3_v1
1478,3,Low-Value Low-Engagement Shoppers,kmeans_k3_v1
1479,1,High-Value Frequent Shoppers,kmeans_k3_v1
1480,3,Low-Value Low-Engagement Shoppers,kmeans_k3_v1
1481,1,High-Value Frequent Shoppers,kmeans_k3_v1
1482,2,Large-Basket Occasional Shoppers,kmeans_k3_v1
1483,1,High-Value Frequent Shoppers,kmeans_k3_v1
1484,1,High-Value Frequent Shoppers,kmeans_k3_v1
1485,2,Large-Basket Occasional Shoppers,kmeans_k3_v1
1486,2,Large-Basket Occasional Shoppers,kmeans_k3_v1
1487,2,Large-Basket Occasional Shoppers,kmeans_k3_v1
1488,2,Large-Basket Occasional Shoppers,kmeans_k3_v1
1489,1,High-Value Frequent Shoppers,kmeans_k3_v1
1490,1,High-Value Frequent Shoppers,kmeans_k3_v1
1491,1,High-Value Frequent Shoppers,kmeans_k3_v1
1492,2,Large-Basket Occasional Shoppers,kmeans_k3_v1
1493,2,Large-Basket Occasional Shoppers,kmeans_k3_v1
1494,2,Large-Basket Occasional Shoppers,kmeans_k3_v1
1495,1,High-Value Frequent Shoppers,kmeans_k3_v1
1496,2,Large-Basket Occasional Shoppers,kmeans_k3_v1
1497,2,Large-Basket Occasional Shoppers,kmeans_k3_v1
1498,2,Large-Basket Occasional Shoppers,kmeans_k3_v1
1499,1,High-Value Frequent Shoppers,kmeans_k3_v1
1500,3,Low-Value Low-Engagement Shoppers,kmeans_k3_v1
1501,1,High-Value Frequent Shoppers,kmeans_k3_v1
1502,2,Large-Basket Occasional Shoppers,kmeans_k3_v1
1503,3,Low-Value Low-Engagement Shoppers,kmeans_k3_v1
1504,3,Low-Value Low-Engagement Shoppers,kmeans_k3_v1
1505,2,Large-Basket Occasional Shoppers,kmeans_k3_v1
1506,1,High-Value Frequent Shoppers,kmeans_k3_v1
1507,2,Large-Basket Occasional Shoppers,kmeans_k3_v1
1508,2,Large-Basket Occasional Shoppers,kmeans_k3_v1
1509,1,High-Value Frequent Shoppers,kmeans_k3_v1
1510,1,High-Value Frequent Shoppers,kmeans_k3_v1
1511,1,High-Value Frequent Shoppers,kmeans_k3_v1
1512,2,Large-Basket Occasional Shoppers,kmeans_k3_v1
1513,3,Low-Value Low-Engagement Shoppers,kmeans_k3_v1
1514,2,Large-Basket Occasional Shoppers,kmeans_k3_v1
1515,1,High-Value Frequent Shoppers,kmeans_k3_v1
1516,3,Low-Value Low-Engagement Shoppers,kmeans_k3_v1
1517,1,High-Value Frequent Shoppers,kmeans_k3_v1
1518,2,Large-Basket Occasional Shoppers,kmeans_k3_v1
1519,2,Large-Basket Occasional Shoppers,kmeans_k3_v1
1520,1,High-Value Frequent Shoppers,kmeans_k3_v1
1521,2,Large-Basket Occasional Shoppers,kmeans_k3_v1
1522,2,Large-Basket Occasional Shoppers,kmeans_k3_v1
1523,3,Low-Value Low-Engagement Shoppers,kmeans_k3_v1
1524,2,Large-Basket Occasional Shoppers,kmeans_k3_v1
1525,2,Large-Basket Occasional Shoppers,kmeans_k3_v1
1526,1,High-Value Frequent Shoppers,kmeans_k3_v1
1527,1,High-Value Frequent Shoppers,kmeans_k3_v1
1528,1,High-Value Frequent Shoppers,kmeans_k3_v1
1529,1,High-Value Frequent Shoppers,kmeans_k3_v1
1530,2,Large-Basket Occasional Shoppers,kmeans_k3_v1
1531,2,Large-Basket Occasional Shoppers,kmeans_k3_v1
1532,3,Low-Value Low-Engagement Shoppers,kmeans_k3_v1
1533,3,Low-Value Low-Engagement Shoppers,kmeans_k3_v1
1534,1,High-Value Frequent Shoppers,kmeans_k3_v1
1535,1,High-Value Frequent Shoppers,kmeans_k3_v1
1536,1,High-Value Frequent Shoppers,kmeans_k3_v1
1537,1,High-Value Frequent Shoppers,kmeans_k3_v1
1538,3,Low-Value Low-Engagement Shoppers,kmeans_k3_v1
1539,3,Low-Value Low-Engagement Shoppers,kmeans_k3_v1
1540,1,High-Value Frequent Shoppers,kmeans_k3_v1
1541,1,High-Value Frequent Shoppers,kmeans_k3_v1
1542,2,Large-Basket Occasional Shoppers,kmeans_k3_v1
1543,2,Large-Basket Occasional Shoppers,kmeans_k3_v1
1544,2,Large-Basket Occasional Shoppers,kmeans_k3_v1
1545,1,High-Value Frequent Shoppers,kmeans_k3_v1
1546,1,High-Value Frequent Shoppers,kmeans_k3_v1
1547,1,High-Value Frequent Shoppers,kmeans_k3_v1
1548,1,High-Value Frequent Shoppers,kmeans_k3_v1
1549,1,High-Value Frequent Shoppers,kmeans_k3_v1
1550,1,High-Value Frequent Shoppers,kmeans_k3_v1
1551,2,Large-Basket Occasional Shoppers,kmeans_k3_v1
1552,2,Large-Basket Occasional Shoppers,kmeans_k3_v1
1553,3,Low-Value Low-Engagement Shoppers,kmeans_k3_v1
1554,3,Low-Value Low-Engagement Shoppers,kmeans_k3_v1
1555,2,Large-Basket Occasional Shoppers,kmeans_k3_v1
1556,1,High-Value Frequent Shoppers,kmeans_k3_v1
1557,1,High-Value Frequent Shoppers,kmeans_k3_v1
1558,1,High-Value Frequent Shoppers,kmeans_k3_v1
1559,2,Large-Basket Occasional Shoppers,kmeans_k3_v1
1560,2,Large-Basket Occasional Shoppers,kmeans_k3_v1
1561,2,Large-Basket Occasional Shoppers,kmeans_k3_v1
1562,2,Large-Basket Occasional Shoppers,kmeans_k3_v1
1563,1,High-Value Frequent Shoppers,kmeans_k3_v1
1564,3,Low-Value Low-Engagement Shoppers,kmeans_k3_v1
1565,3,Low-Value Low-Engagement Shoppers,kmeans_k3_v1
1566,1,High-Value Frequent Shoppers,kmeans_k3_v1
1567,1,High-Value Frequent Shoppers,kmeans_k3_v1
1568,1,High-Value Frequent Shoppers,kmeans_k3_v1
1569,2,Large-Basket Occasional Shoppers,kmeans_k3_v1
1570,2,Large-Basket Occasional Shoppers,kmeans_k3_v1
1571,3,Low-Value Low-Engagement Shoppers,kmeans_k3_v1
1572,1,High-Value Frequent Shoppers,kmeans_k3_v1
1573,3,Low-Value Low-Engagement Shoppers,kmeans_k3_v1
1574,2,Large-Basket Occasional Shoppers,kmeans_k3_v1
1575,2,Large-Basket Occasional Shoppers,kmeans_k3_v1
1576,2,Large-Basket Occasional Shoppers,kmeans_k3_v1
1577,2,Large-Basket Occasional Shoppers,kmeans_k3_v1
1578,2,Large-Basket Occasional Shoppers,kmeans_k3_v1
1579,1,High-Value Frequent Shoppers,kmeans_k3_v1
1580,1,High-Value Frequent Shoppers,kmeans_k3_v1
1581,2,Large-Basket Occasional Shoppers,kmeans_k3_v1
1582,2,Large-Basket Occasional Shoppers,kmeans_k3_v1
1583,3,Low-Value Low-Engagement Shoppers,kmeans_k3_v1
1584,1,High-Value Frequent Shoppers,kmeans_k3_v1
1585,1,High-Value Frequent Shoppers,kmeans_k3_v1
1586,2,Large-Basket Occasional Shoppers,kmeans_k3_v1
1587,3,Low-Value Low-Engagement Shoppers,kmeans_k3_v1
1588,1,High-Value Frequent Shoppers,kmeans_k3_v1
1589,3,Low-Value Low-Engagement Shoppers,kmeans_k3_v1
1590,1,High-Value Frequent Shoppers,kmeans_k3_v1
1591,1,High-Value Frequent Shoppers,kmeans_k3_v1
1592,2,Large-Basket Occasional Shoppers,kmeans_k3_v1
1593,2,Large-Basket Occasional Shoppers,kmeans_k3_v1
1594,1,High-Value Frequent Shoppers,kmeans_k3_v1
1595,1,High-Value Frequent Shoppers,kmeans_k3_v1
1596,2,Large-Basket Occasional Shoppers,kmeans_k3_v1
1597,3,Low-Value Low-Engagement Shoppers,kmeans_k3_v1
1598,1,High-Value Frequent Shoppers,kmeans_k3_v1
1599,1,High-Value Frequent Shoppers,kmeans_k3_v1
1600,2,Large-Basket Occasional Shoppers,kmeans_k3_v1
1601,2,Large-Basket Occasional Shoppers,kmeans_k3_v1
1602,1,High-Value Frequent Shoppers,kmeans_k3_v1
1603,2,Large-Basket Occasional Shoppers,kmeans_k3_v1
1604,3,Low-Value Low-Engagement Shoppers,kmeans_k3_v1
1605,3,Low-Value Low-Engagement Shoppers,kmeans_k3_v1
1606,2,Large-Basket Occasional Shoppers,kmeans_k3_v1
1607,1,High-Value Frequent Shoppers,kmeans_k3_v1
1608,2,Large-Basket Occasional Shoppers,kmeans_k3_v1
1609,1,High-Value Frequent Shoppers,kmeans_k3_v1
1610,3,Low-Value Low-Engagement Shoppers,kmeans_k3_v1
1611,3,Low-Value Low-Engagement Shoppers,kmeans_k3_v1
1612,1,High-Value Frequent Shoppers,kmeans_k3_v1
1613,1,High-Value Frequent Shoppers,kmeans_k3_v1
1614,3,Low-Value Low-Engagement Shoppers,kmeans_k3_v1
1615,2,Large-Basket Occasional Shoppers,kmeans_k3_v1
1616,2,Large-Basket Occasional Shoppers,kmeans_k3_v1
1617,2,Large-Basket Occasional Shoppers,kmeans_k3_v1
1618,1,High-Value Frequent Shoppers,kmeans_k3_v1
1619,1,High-Value Frequent Shoppers,kmeans_k3_v1
1620,1,High-Value Frequent Shoppers,kmeans_k3_v1
1621,1,High-Value Frequent Shoppers,kmeans_k3_v1
1622,1,High-Value Frequent Shoppers,kmeans_k3_v1
1623,1,High-Value Frequent Shoppers,kmeans_k3_v1
1624,3,Low-Value Low-Engagement Shoppers,kmeans_k3_v1
1625,3,Low-Value Low-Engagement Shoppers,kmeans_k3_v1
1626,3,Low-Value Low-Engagement Shoppers,kmeans_k3_v1
1627,1,High-Value Frequent Shoppers,kmeans_k3_v1
1628,3,Low-Value Low-Engagement Shoppers,kmeans_k3_v1
1629,2,Large-Basket Occasional Shoppers,kmeans_k3_v1
1630,1,High-Value Frequent Shoppers,kmeans_k3_v1
1631,1,High-Value Frequent Shoppers,kmeans_k3_v1
1632,2,Large-Basket Occasional Shoppers,kmeans_k3_v1
1633,1,High-Value Frequent Shoppers,kmeans_k3_v1
1634,1,High-Value Frequent Shoppers,kmeans_k3_v1
1635,3,Low-Value Low-Engagement Shoppers,kmeans_k3_v1
1636,2,Large-Basket Occasional Shoppers,kmeans_k3_v1
1637,3,Low-Value Low-Engagement Shoppers,kmeans_k3_v1
1638,3,Low-Value Low-Engagement Shoppers,kmeans_k3_v1
1639,1,High-Value Frequent Shoppers,kmeans_k3_v1
1640,1,High-Value Frequent Shoppers,kmeans_k3_v1
1641,3,Low-Value Low-Engagement Shoppers,kmeans_k3_v1
1642,2,Large-Basket Occasional Shoppers,kmeans_k3_v1
1643,2,Large-Basket Occasional Shoppers,kmeans_k3_v1
1644,3,Low-Value Low-Engagement Shoppers,kmeans_k3_v1
1645,3,Low-Value Low-Engagement Shoppers,kmeans_k3_v1
1646,3,Low-Value Low-Engagement Shoppers,kmeans_k3_v1
1647,3,Low-Value Low-Engagement Shoppers,kmeans_k3_v1
1648,1,High-Value Frequent Shoppers,kmeans_k3_v1
1649,2,Large-Basket Occasional Shoppers,kmeans_k3_v1
1650,1,High-Value Frequent Shoppers,kmeans_k3_v1
1651,2,Large-Basket Occasional Shoppers,kmeans_k3_v1
1652,3,Low-Value Low-Engagement Shoppers,kmeans_k3_v1
1653,1,High-Value Frequent Shoppers,kmeans_k3_v1
1654,3,Low-Value Low-Engagement Shoppers,kmeans_k3_v1
1655,3,Low-Value Low-Engagement Shoppers,kmeans_k3_v1
1656,2,Large-Basket Occasional Shoppers,kmeans_k3_v1
1657,3,Low-Value Low-Engagement Shoppers,kmeans_k3_v1
1658,2,Large-Basket Occasional Shoppers,kmeans_k3_v1
1659,1,High-Value Frequent Shoppers,kmeans_k3_v1
1660,2,Large-Basket Occasional Shoppers,kmeans_k3_v1
1661,2,Large-Basket Occasional Shoppers,kmeans_k3_v1
1662,1,High-Value Frequent Shoppers,kmeans_k3_v1
1663,3,Low-Value Low-Engagement Shoppers,kmeans_k3_v1
1664,2,Large-Basket Occasional Shoppers,kmeans_k3_v1
1665,3,Low-Value Low-Engagement Shoppers,kmeans_k3_v1
1666,3,Low-Value Low-Engagement Shoppers,kmeans_k3_v1
1667,2,Large-Basket Occasional Shoppers,kmeans_k3_v1
1668,1,High-Value Frequent Shoppers,kmeans_k3_v1
1669,3,Low-Value Low-Engagement Shoppers,kmeans_k3_v1
1670,3,Low-Value Low-Engagement Shoppers,kmeans_k3_v1
1671,2,Large-Basket Occasional Shoppers,kmeans_k3_v1
1672,2,Large-Basket Occasional Shoppers,kmeans_k3_v1
1673,1,High-Value Frequent Shoppers,kmeans_k3_v1
1674,3,Low-Value Low-Engagement Shoppers,kmeans_k3_v1
1675,2,Large-Basket Occasional Shoppers,kmeans_k3_v1
1676,1,High-Value Frequent Shoppers,kmeans_k3_v1
1677,1,High-Value Frequent Shoppers,kmeans_k3_v1
1678,2,Large-Basket Occasional Shoppers,kmeans_k3_v1
1679,3,Low-Value Low-Engagement Shoppers,kmeans_k3_v1
1680,2,Large-Basket Occasional Shoppers,kmeans_k3_v1
1681,2,Large-Basket Occasional Shoppers,kmeans_k3_v1
1682,3,Low-Value Low-Engagement Shoppers,kmeans_k3_v1
1683,3,Low-Value Low-Engagement Shoppers,kmeans_k3_v1
1684,2,Large-Basket Occasional Shoppers,kmeans_k3_v1
1685,3,Low-Value Low-Engagement Shoppers,kmeans_k3_v1
1686,1,High-Value Frequent Shoppers,kmeans_k3_v1
1687,1,High-Value Frequent Shoppers,kmeans_k3_v1
1688,2,Large-Basket Occasional Shoppers,kmeans_k3_v1
1689,1,High-Value Frequent Shoppers,kmeans_k3_v1
1690,2,Large-Basket Occasional Shoppers,kmeans_k3_v1
1691,2,Large-Basket Occasional Shoppers,kmeans_k3_v1
1692,1,High-Value Frequent Shoppers,kmeans_k3_v1
1693,1,High-Value Frequent Shoppers,kmeans_k3_v1
1694,1,High-Value Frequent Shoppers,kmeans_k3_v1
1695,3,Low-Value Low-Engagement Shoppers,kmeans_k3_v1
1696,2,Large-Basket Occasional Shoppers,kmeans_k3_v1
1697,2,Large-Basket Occasional Shoppers,kmeans_k3_v1
1698,2,Large-Basket Occasional Shoppers,kmeans_k3_v1
1699,2,Large-Basket Occasional Shoppers,kmeans_k3_v1
1700,2,Large-Basket Occasional Shoppers,kmeans_k3_v1
1701,2,Large-Basket Occasional Shoppers,kmeans_k3_v1
1702,2,Large-Basket Occasional Shoppers,kmeans_k3_v1
1703,1,High-Value Frequent Shoppers,kmeans_k3_v1
1704,3,Low-Value Low-Engagement Shoppers,kmeans_k3_v1
1705,1,High-Value Frequent Shoppers,kmeans_k3_v1
1706,3,Low-Value Low-Engagement Shoppers,kmeans_k3_v1
1707,1,High-Value Frequent Shoppers,kmeans_k3_v1
1708,2,Large-Basket Occasional Shoppers,kmeans_k3_v1
1709,1,High-Value Frequent Shoppers,kmeans_k3_v1
1710,1,High-Value Frequent Shoppers,kmeans_k3_v1
1711,2,Large-Basket Occasional Shoppers,kmeans_k3_v1
1712,2,Large-Basket Occasional Shoppers,kmeans_k3_v1
1713,2,Large-Basket Occasional Shoppers,kmeans_k3_v1
1714,3,Low-Value Low-Engagement Shoppers,kmeans_k3_v1
1715,2,Large-Basket Occasional Shoppers,kmeans_k3_v1
1716,1,High-Value Frequent Shoppers,kmeans_k3_v1
1717,2,Large-Basket Occasional Shoppers,kmeans_k3_v1
1718,2,Large-Basket Occasional Shoppers,kmeans_k3_v1
1719,1,High-Value Frequent Shoppers,kmeans_k3_v1
1720,1,High-Value Frequent Shoppers,kmeans_k3_v1
1721,3,Low-Value Low-Engagement Shoppers,kmeans_k3_v1
1722,1,High-Value Frequent Shoppers,kmeans_k3_v1
1723,2,Large-Basket Occasional Shoppers,kmeans_k3_v1
1724,2,Large-Basket Occasional Shoppers,kmeans_k3_v1
1725,3,Low-Value Low-Engagement Shoppers,kmeans_k3_v1
1726,1,High-Value Frequent Shoppers,kmeans_k3_v1
1727,2,Large-Basket Occasional Shoppers,kmeans_k3_v1
1728,2,Large-Basket Occasional Shoppers,kmeans_k3_v1
1729,1,High-Value Frequent Shoppers,kmeans_k3_v1
1730,2,Large-Basket Occasional Shoppers,kmeans_k3_v1
1731,2,Large-Basket Occasional Shoppers,kmeans_k3_v1
1732,1,High-Value Frequent Shoppers,kmeans_k3_v1
1733,2,Large-Basket Occasional Shoppers,kmeans_k3_v1
1734,3,Low-Value Low-Engagement Shoppers,kmeans_k3_v1
1735,1,High-Value Frequent Shoppers,kmeans_k3_v1
1736,3,Low-Value Low-Engagement Shoppers,kmeans_k3_v1
1737,3,Low-Value Low-Engagement Shoppers,kmeans_k3_v1
1738,2,Large-Basket Occasional Shoppers,kmeans_k3_v1
1739,2,Large-Basket Occasional Shoppers,kmeans_k3_v1
1740,1,High-Value Frequent Shoppers,kmeans_k3_v1
1741,3,Low-Value Low-Engagement Shoppers,kmeans_k3_v1
1742,3,Low-Value Low-Engagement Shoppers,kmeans_k3_v1
1743,2,Large-Basket Occasional Shoppers,kmeans_k3_v1
1744,3,Low-Value Low-Engagement Shoppers,kmeans_k3_v1
1745,2,Large-Basket Occasional Shoppers,kmeans_k3_v1
1746,2,Large-Basket Occasional Shoppers,kmeans_k3_v1
1747,2,Large-Basket Occasional Shoppers,kmeans_k3_v1
1748,1,High-Value Frequent Shoppers,kmeans_k3_v1
1749,1,High-Value Frequent Shoppers,kmeans_k3_v1
1750,2,Large-Basket Occasional Shoppers,kmeans_k3_v1
1751,1,High-Value Frequent Shoppers,kmeans_k3_v1
1752,1,High-Value Frequent Shoppers,kmeans_k3_v1
1753,1,High-Value Frequent Shoppers,kmeans_k3_v1
1754,1,High-Value Frequent Shoppers,kmeans_k3_v1
1755,2,Large-Basket Occasional Shoppers,kmeans_k3_v1
1756,1,High-Value Frequent Shoppers,kmeans_k3_v1
1757,3,Low-Value Low-Engagement Shoppers,kmeans_k3_v1
1758,2,Large-Basket Occasional Shoppers,kmeans_k3_v1
1759,1,High-Value Frequent Shoppers,kmeans_k3_v1
1760,3,Low-Value Low-Engagement Shoppers,kmeans_k3_v1
1761,2,Large-Basket Occasional Shoppers,kmeans_k3_v1
1762,1,High-Value Frequent Shoppers,kmeans_k3_v1
1763,1,High-Value Frequent Shoppers,kmeans_k3_v1
1764,1,High-Value Frequent Shoppers,kmeans_k3_v1
1765,2,Large-Basket Occasional Shoppers,kmeans_k3_v1
1766,3,Low-Value Low-Engagement Shoppers,kmeans_k3_v1
1767,1,High-Value Frequent Shoppers,kmeans_k3_v1
1768,2,Large-Basket Occasional Shoppers,kmeans_k3_v1
1769,1,High-Value Frequent Shoppers,kmeans_k3_v1
1770,1,High-Value Frequent Shoppers,kmeans_k3_v1
1771,2,Large-Basket Occasional Shoppers,kmeans_k3_v1
1772,2,Large-Basket Occasional Shoppers,kmeans_k3_v1
1773,2,Large-Basket Occasional Shoppers,kmeans_k3_v1
1774,2,Large-Basket Occasional Shoppers,kmeans_k3_v1
1775,1,High-Value Frequent Shoppers,kmeans_k3_v1
1776,1,High-Value Frequent Shoppers,kmeans_k3_v1
1777,3,Low-Value Low-Engagement Shoppers,kmeans_k3_v1
1778,1,High-Value Frequent Shoppers,kmeans_k3_v1
1779,1,High-Value Frequent Shoppers,kmeans_k3_v1
1780,2,Large-Basket Occasional Shoppers,kmeans_k3_v1
1781,1,High-Value Frequent Shoppers,kmeans_k3_v1
1782,2,Large-Basket Occasional Shoppers,kmeans_k3_v1
1783,2,Large-Basket Occasional Shoppers,kmeans_k3_v1
1784,2,Large-Basket Occasional Shoppers,kmeans_k3_v1
1785,1,High-Value Frequent Shoppers,kmeans_k3_v1
1786,3,Low-Value Low-Engagement Shoppers,kmeans_k3_v1
1787,2,Large-Basket Occasional Shoppers,kmeans_k3_v1
1788,1,High-Value Frequent Shoppers,kmeans_k3_v1
1789,3,Low-Value Low-Engagement Shoppers,kmeans_k3_v1
1790,2,Large-Basket Occasional Shoppers,kmeans_k3_v1
1791,1,High-Value Frequent Shoppers,kmeans_k3_v1
1792,1,High-Value Frequent Shoppers,kmeans_k3_v1
1793,2,Large-Basket Occasional Shoppers,kmeans_k3_v1
1794,2,Large-Basket Occasional Shoppers,kmeans_k3_v1
1795,1,High-Value Frequent Shoppers,kmeans_k3_v1
1796,2,Large-Basket Occasional Shoppers,kmeans_k3_v1
1797,1,High-Value Frequent Shoppers,kmeans_k3_v1
1798,2,Large-Basket Occasional Shoppers,kmeans_k3_v1
1799,3,Low-Value Low-Engagement Shoppers,kmeans_k3_v1
1800,1,High-Value Frequent Shoppers,kmeans_k3_v1
1801,3,Low-Value Low-Engagement Shoppers,kmeans_k3_v1
1802,2,Large-Basket Occasional Shoppers,kmeans_k3_v1
1803,1,High-Value Frequent Shoppers,kmeans_k3_v1
1804,1,High-Value Frequent Shoppers,kmeans_k3_v1
1805,3,Low-Value Low-Engagement Shoppers,kmeans_k3_v1
1806,1,High-Value Frequent Shoppers,kmeans_k3_v1
1807,1,High-Value Frequent Shoppers,kmeans_k3_v1
1808,3,Low-Value Low-Engagement Shoppers,kmeans_k3_v1
1809,2,Large-Basket Occasional Shoppers,kmeans_k3_v1
1810,1,High-Value Frequent Shoppers,kmeans_k3_v1
1811,2,Large-Basket Occasional Shoppers,kmeans_k3_v1
1812,1,High-Value Frequent Shoppers,kmeans_k3_v1
1813,2,Large-Basket Occasional Shoppers,kmeans_k3_v1
1814,2,Large-Basket Occasional Shoppers,kmeans_k3_v1
1815,1,High-Value Frequent Shoppers,kmeans_k3_v1
1816,1,High-Value Frequent Shoppers,kmeans_k3_v1
1817,2,Large-Basket Occasional Shoppers,kmeans_k3_v1
1818,1,High-Value Frequent Shoppers,kmeans_k3_v1
1819,2,Large-Basket Occasional Shoppers,kmeans_k3_v1
1820,2,Large-Basket Occasional Shoppers,kmeans_k3_v1
1821,1,High-Value Frequent Shoppers,kmeans_k3_v1
1822,1,High-Value Frequent Shoppers,kmeans_k3_v1
1823,1,High-Value Frequent Shoppers,kmeans_k3_v1
1824,1,High-Value Frequent Shoppers,kmeans_k3_v1
1825,2,Large-Basket Occasional Shoppers,kmeans_k3_v1
1826,1,High-Value Frequent Shoppers,kmeans_k3_v1
1827,3,Low-Value Low-Engagement Shoppers,kmeans_k3_v1
1828,2,Large-Basket Occasional Shoppers,kmeans_k3_v1
1829,1,High-Value Frequent Shoppers,kmeans_k3_v1
1830,3,Low-Value Low-Engagement Shoppers,kmeans_k3_v1
1831,1,High-Value Frequent Shoppers,kmeans_k3_v1
1832,2,Large-Basket Occasional Shoppers,kmeans_k3_v1
1833,1,High-Value Frequent Shoppers,kmeans_k3_v1
1834,1,High-Value Frequent Shoppers,kmeans_k3_v1
1835,1,High-Value Frequent Shoppers,kmeans_k3_v1
1836,2,Large-Basket Occasional Shoppers,kmeans_k3_v1
1837,1,High-Value Frequent Shoppers,kmeans_k3_v1
1838,2,Large-Basket Occasional Shoppers,kmeans_k3_v1
1839,3,Low-Value Low-Engagement Shoppers,kmeans_k3_v1
1840,3,Low-Value Low-Engagement Shoppers,kmeans_k3_v1
1841,2,Large-Basket Occasional Shoppers,kmeans_k3_v1
1842,2,Large-Basket Occasional Shoppers,kmeans_k3_v1
1843,3,Low-Value Low-Engagement Shoppers,kmeans_k3_v1
1844,3,Low-Value Low-Engagement Shoppers,kmeans_k3_v1
1845,1,High-Value Frequent Shoppers,kmeans_k3_v1
1846,2,Large-Basket Occasional Shoppers,kmeans_k3_v1
1847,1,High-Value Frequent Shoppers,kmeans_k3_v1
1848,1,High-Value Frequent Shoppers,kmeans_k3_v1
1849,1,High-Value Frequent Shoppers,kmeans_k3_v1
1850,1,High-Value Frequent Shoppers,kmeans_k3_v1
1851,2,Large-Basket Occasional Shoppers,kmeans_k3_v1
1852,1,High-Value Frequent Shoppers,kmeans_k3_v1
1853,3,Low-Value Low-Engagement Shoppers,kmeans_k3_v1
1854,1,High-Value Frequent Shoppers,kmeans_k3_v1
1855,3,Low-Value Low-Engagement Shoppers,kmeans_k3_v1
1856,1,High-Value Frequent Shoppers,kmeans_k3_v1
1857,1,High-Value Frequent Shoppers,kmeans_k3_v1
1858,2,Large-Basket Occasional Shoppers,kmeans_k3_v1
1859,2,Large-Basket Occasional Shoppers,kmeans_k3_v1
1860,3,Low-Value Low-Engagement Shoppers,kmeans_k3_v1
1861,1,High-Value Frequent Shoppers,kmeans_k3_v1
1862,3,Low-Value Low-Engagement Shoppers,kmeans_k3_v1
1863,2,Large-Basket Occasional Shoppers,kmeans_k3_v1
1864,1,High-Value Frequent Shoppers,kmeans_k3_v1
1865,1,High-Value Frequent Shoppers,kmeans_k3_v1
1866,3,Low-Value Low-Engagement Shoppers,kmeans_k3_v1
1867,3,Low-Value Low-Engagement Shoppers,kmeans_k3_v1
1868,2,Large-Basket Occasional Shoppers,kmeans_k3_v1
1869,1,High-Value Frequent Shoppers,kmeans_k3_v1
1870,3,Low-Value Low-Engagement Shoppers,kmeans_k3_v1
1871,3,Low-Value Low-Engagement Shoppers,kmeans_k3_v1
1872,1,High-Value Frequent Shoppers,kmeans_k3_v1
1873,1,High-Value Frequent Shoppers,kmeans_k3_v1
1874,3,Low-Value Low-Engagement Shoppers,kmeans_k3_v1
1875,2,Large-Basket Occasional Shoppers,kmeans_k3_v1
1876,3,Low-Value Low-Engagement Shoppers,kmeans_k3_v1
1877,2,Large-Basket Occasional Shoppers,kmeans_k3_v1
1878,3,Low-Value Low-Engagement Shoppers,kmeans_k3_v1
1879,1,High-Value Frequent Shoppers,kmeans_k3_v1
1880,2,Large-Basket Occasional Shoppers,kmeans_k3_v1
1881,2,Large-Basket Occasional Shoppers,kmeans_k3_v1
1882,3,Low-Value Low-Engagement Shoppers,kmeans_k3_v1
1883,1,High-Value Frequent Shoppers,kmeans_k3_v1
1884,3,Low-Value Low-Engagement Shoppers,kmeans_k3_v1
1885,3,Low-Value Low-Engagement Shoppers,kmeans_k3_v1
1886,3,Low-Value Low-Engagement Shoppers,kmeans_k3_v1
1887,3,Low-Value Low-Engagement Shoppers,kmeans_k3_v1
1888,3,Low-Value Low-Engagement Shoppers,kmeans_k3_v1
1889,2,Large-Basket Occasional Shoppers,kmeans_k3_v1
1890,2,Large-Basket Occasional Shoppers,kmeans_k3_v1
1891,2,Large-Basket Occasional Shoppers,kmeans_k3_v1
1892,1,High-Value Frequent Shoppers,kmeans_k3_v1
1893,3,Low-Value Low-Engagement Shoppers,kmeans_k3_v1
1894,2,Large-Basket Occasional Shoppers,kmeans_k3_v1
1895,3,Low-Value Low-Engagement Shoppers,kmeans_k3_v1
1896,1,High-Value Frequent Shoppers,kmeans_k3_v1
1897,3,Low-Value Low-Engagement Shoppers,kmeans_k3_v1
1898,3,Low-Value Low-Engagement Shoppers,kmeans_k3_v1
1899,2,Large-Basket Occasional Shoppers,kmeans_k3_v1
1900,2,Large-Basket Occasional Shoppers,kmeans_k3_v1
1901,1,High-Value Frequent Shoppers,kmeans_k3_v1
1902,2,Large-Basket Occasional Shoppers,kmeans_k3_v1
1903,2,Large-Basket Occasional Shoppers,kmeans_k3_v1
1904,3,Low-Value Low-Engagement Shoppers,kmeans_k3_v1
1905,3,Low-Value Low-Engagement Shoppers,kmeans_k3_v1
1906,1,High-Value Frequent Shoppers,kmeans_k3_v1
1907,1,High-Value Frequent Shoppers,kmeans_k3_v1
1908,2,Large-Basket Occasional Shoppers,kmeans_k3_v1
1909,3,Low-Value Low-Engagement Shoppers,kmeans_k3_v1
1910,2,Large-Basket Occasional Shoppers,kmeans_k3_v1
1911,2,Large-Basket Occasional Shoppers,kmeans_k3_v1
1912,2,Large-Basket Occasional Shoppers,kmeans_k3_v1
1913,3,Low-Value Low-Engagement Shoppers,kmeans_k3_v1
1914,1,High-Value Frequent Shoppers,kmeans_k3_v1
1915,3,Low-Value Low-Engagement Shoppers,kmeans_k3_v1
1916,1,High-Value Frequent Shoppers,kmeans_k3_v1
1917,1,High-Value Frequent Shoppers,kmeans_k3_v1
1918,2,Large-Basket Occasional Shoppers,kmeans_k3_v1
1919,1,High-Value Frequent Shoppers,kmeans_k3_v1
1920,1,High-Value Frequent Shoppers,kmeans_k3_v1
1921,3,Low-Value Low-Engagement Shoppers,kmeans_k3_v1
1922,1,High-Value Frequent Shoppers,kmeans_k3_v1
1923,1,High-Value Frequent Shoppers,kmeans_k3_v1
1924,1,High-Value Frequent Shoppers,kmeans_k3_v1
1925,1,High-Value Frequent Shoppers,kmeans_k3_v1
1926,2,Large-Basket Occasional Shoppers,kmeans_k3_v1
1927,1,High-Value Frequent Shoppers,kmeans_k3_v1
1928,1,High-Value Frequent Shoppers,kmeans_k3_v1
1929,2,Large-Basket Occasional Shoppers,kmeans_k3_v1
1930,1,High-Value Frequent Shoppers,kmeans_k3_v1
1931,2,Large-Basket Occasional Shoppers,kmeans_k3_v1
1932,2,Large-Basket Occasional Shoppers,kmeans_k3_v1
1933,2,Large-Basket Occasional Shoppers,kmeans_k3_v1
1934,2,Large-Basket Occasional Shoppers,kmeans_k3_v1
1935,1,High-Value Frequent Shoppers,kmeans_k3_v1
1936,1,High-Value Frequent Shoppers,kmeans_k3_v1
1937,1,High-Value Frequent Shoppers,kmeans_k3_v1
1938,3,Low-Value Low-Engagement Shoppers,kmeans_k3_v1
1939,2,Large-Basket Occasional Shoppers,kmeans_k3_v1
1940,2,Large-Basket Occasional Shoppers,kmeans_k3_v1
1941,3,Low-Value Low-Engagement Shoppers,kmeans_k3_v1
1942,1,High-Value Frequent Shoppers,kmeans_k3_v1
1943,1,High-Value Frequent Shoppers,kmeans_k3_v1
1944,1,High-Value Frequent Shoppers,kmeans_k3_v1
1945,2,Large-Basket Occasional Shoppers,kmeans_k3_v1
1946,2,Large-Basket Occasional Shoppers,kmeans_k3_v1
1947,1,High-Value Frequent Shoppers,kmeans_k3_v1
1948,1,High-Value Frequent Shoppers,kmeans_k3_v1
1949,2,Large-Basket Occasional Shoppers,kmeans_k3_v1
1950,2,Large-Basket Occasional Shoppers,kmeans_k3_v1
1951,3,Low-Value Low-Engagement Shoppers,kmeans_k3_v1
1952,2,Large-Basket Occasional Shoppers,kmeans_k3_v1
1953,1,High-Value Frequent Shoppers,kmeans_k3_v1
1954,3,Low-Value Low-Engagement Shoppers,kmeans_k3_v1
1955,1,High-Value Frequent Shoppers,kmeans_k3_v1
1956,2,Large-Basket Occasional Shoppers,kmeans_k3_v1
1957,2,Large-Basket Occasional Shoppers,kmeans_k3_v1
1958,2,Large-Basket Occasional Shoppers,kmeans_k3_v1
1959,1,High-Value Frequent Shoppers,kmeans_k3_v1
1960,2,Large-Basket Occasional Shoppers,kmeans_k3_v1
1961,2,Large-Basket Occasional Shoppers,kmeans_k3_v1
1962,1,High-Value Frequent Shoppers,kmeans_k3_v1
1963,2,Large-Basket Occasional Shoppers,kmeans_k3_v1
1964,2,Large-Basket Occasional Shoppers,kmeans_k3_v1
1965,1,High-Value Frequent Shoppers,kmeans_k3_v1
1966,1,High-Value Frequent Shoppers,kmeans_k3_v1
1967,2,Large-Basket Occasional Shoppers,kmeans_k3_v1
1968,1,High-Value Frequent Shoppers,kmeans_k3_v1
1969,1,High-Value Frequent Shoppers,kmeans_k3_v1
1970,3,Low-Value Low-Engagement Shoppers,kmeans_k3_v1
1971,1,High-Value Frequent Shoppers,kmeans_k3_v1
1972,1,High-Value Frequent Shoppers,kmeans_k3_v1
1973,3,Low-Value Low-Engagement Shoppers,kmeans_k3_v1
1974,1,High-Value Frequent Shoppers,kmeans_k3_v1
1975,1,High-Value Frequent Shoppers,kmeans_k3_v1
1976,1,High-Value Frequent Shoppers,kmeans_k3_v1
1977,3,Low-Value Low-Engagement Shoppers,kmeans_k3_v1
1978,1,High-Value Frequent Shoppers,kmeans_k3_v1
1979,3,Low-Value Low-Engagement Shoppers,kmeans_k3_v1
1980,2,Large-Basket Occasional Shoppers,kmeans_k3_v1
1981,1,High-Value Frequent Shoppers,kmeans_k3_v1
1982,1,High-Value Frequent Shoppers,kmeans_k3_v1
1983,2,Large-Basket Occasional Shoppers,kmeans_k3_v1
1984,3,Low-Value Low-Engagement Shoppers,kmeans_k3_v1
1985,1,High-Value Frequent Shoppers,kmeans_k3_v1
1986,3,Low-Value Low-Engagement Shoppers,kmeans_k3_v1
1987,2,Large-Basket Occasional Shoppers,kmeans_k3_v1
1988,1,High-Value Frequent Shoppers,kmeans_k3_v1
1989,1,High-Value Frequent Shoppers,kmeans_k3_v1
1990,1,High-Value Frequent Shoppers,kmeans_k3_v1
1991,3,Low-Value Low-Engagement Shoppers,kmeans_k3_v1
1992,3,Low-Value Low-Engagement Shoppers,kmeans_k3_v1
1993,2,Large-Basket Occasional Shoppers,kmeans_k3_v1
1994,2,Large-Basket Occasional Shoppers,kmeans_k3_v1
1995,1,High-Value Frequent Shoppers,kmeans_k3_v1
1996,1,High-Value Frequent Shoppers,kmeans_k3_v1
1997,1,High-Value Frequent Shoppers,kmeans_k3_v1
1998,1,High-Value Frequent Shoppers,kmeans_k3_v1
1999,3,Low-Value Low-Engagement Shoppers,kmeans_k3_v1
2000,3,Low-Value Low-Engagement Shoppers,kmeans_k3_v1
2001,2,Large-Basket Occasional Shoppers,kmeans_k3_v1
2002,2,Large-Basket Occasional Shoppers,kmeans_k3_v1
2003,2,Large-Basket Occasional Shoppers,kmeans_k3_v1
2004,1,High-Value Frequent Shoppers,kmeans_k3_v1
2005,2,Large-Basket Occasional Shoppers,kmeans_k3_v1
2006,1,High-Value Frequent Shoppers,kmeans_k3_v1
2007,1,High-Value Frequent Shoppers,kmeans_k3_v1
2008,2,Large-Basket Occasional Shoppers,kmeans_k3_v1
2009,2,Large-Basket Occasional Shoppers,kmeans_k3_v1
2010,3,Low-Value Low-Engagement Shoppers,kmeans_k3_v1
2011,3,Low-Value Low-Engagement Shoppers,kmeans_k3_v1
2012,1,High-Value Frequent Shoppers,kmeans_k3_v1
2013,3,Low-Value Low-Engagement Shoppers,kmeans_k3_v1
2014,2,Large-Basket Occasional Shoppers,kmeans_k3_v1
2015,1,High-Value Frequent Shoppers,kmeans_k3_v1
2016,1,High-Value Frequent Shoppers,kmeans_k3_v1
2017,1,High-Value Frequent Shoppers,kmeans_k3_v1
2018,1,High-Value Frequent Shoppers,kmeans_k3_v1
2019,1,High-Value Frequent Shoppers,kmeans_k3_v1
2020,1,High-Value Frequent Shoppers,kmeans_k3_v1
2021,2,Large-Basket Occasional Shoppers,kmeans_k3_v1
2022,1,High-Value Frequent Shoppers,kmeans_k3_v1
2023,3,Low-Value Low-Engagement Shoppers,kmeans_k3_v1
2024,1,High-Value Frequent Shoppers,kmeans_k3_v1
2025,2,Large-Basket Occasional Shoppers,kmeans_k3_v1
2026,2,Large-Basket Occasional Shoppers,kmeans_k3_v1
2027,2,Large-Basket Occasional Shoppers,kmeans_k3_v1
2028,2,Large-Basket Occasional Shoppers,kmeans_k3_v1
2029,2,Large-Basket Occasional Shoppers,kmeans_k3_v1
2030,1,High-Value Frequent Shoppers,kmeans_k3_v1
2031,3,Low-Value Low-Engagement Shoppers,kmeans_k3_v1
2032,3,Low-Value Low-Engagement Shoppers,kmeans_k3_v1
2033,1,High-Value Frequent Shoppers,kmeans_k3_v1
2034,1,High-Value Frequent Shoppers,kmeans_k3_v1
2035,2,Large-Basket Occasional Shoppers,kmeans_k3_v1
2036,2,Large-Basket Occasional Shoppers,kmeans_k3_v1
2037,2,Large-Basket Occasional Shoppers,kmeans_k3_v1
2038,2,Large-Basket Occasional Shoppers,kmeans_k3_v1
2039,1,High-Value Frequent Shoppers,kmeans_k3_v1
2040,1,High-Value Frequent Shoppers,kmeans_k3_v1
2041,1,High-Value Frequent Shoppers,kmeans_k3_v1
2042,2,Large-Basket Occasional Shoppers,kmeans_k3_v1
2043,2,Large-Basket Occasional Shoppers,kmeans_k3_v1
2044,3,Low-Value Low-Engagement Shoppers,kmeans_k3_v1
2045,3,Low-Value Low-Engagement Shoppers,kmeans_k3_v1
2046,3,Low-Value Low-Engagement Shoppers,kmeans_k3_v1
2047,1,High-Value Frequent Shoppers,kmeans_k3_v1
2048,2,Large-Basket Occasional Shoppers,kmeans_k3_v1
2049,3,Low-Value Low-Engagement Shoppers,kmeans_k3_v1
2050,1,High-Value Frequent Shoppers,kmeans_k3_v1
2051,1,High-Value Frequent Shoppers,kmeans_k3_v1
2052,3,Low-Value Low-Engagement Shoppers,kmeans_k3_v1
2053,1,High-Value Frequent Shoppers,kmeans_k3_v1
2054,3,Low-Value Low-Engagement Shoppers,kmeans_k3_v1
2055,1,High-Value Frequent Shoppers,kmeans_k3_v1
2056,1,High-Value Frequent Shoppers,kmeans_k3_v1
2057,1,High-Value Frequent Shoppers,kmeans_k3_v1
2058,1,High-Value Frequent Shoppers,kmeans_k3_v1
2059,2,Large-Basket Occasional Shoppers,kmeans_k3_v1
2060,3,Low-Value Low-Engagement Shoppers,kmeans_k3_v1
2061,3,Low-Value Low-Engagement Shoppers,kmeans_k3_v1
2062,1,High-Value Frequent Shoppers,kmeans_k3_v1
2063,2,Large-Basket Occasional Shoppers,kmeans_k3_v1
2064,1,High-Value Frequent Shoppers,kmeans_k3_v1
2065,1,High-Value Frequent Shoppers,kmeans_k3_v1
2066,1,High-Value Frequent Shoppers,kmeans_k3_v1
2067,3,Low-Value Low-Engagement Shoppers,kmeans_k3_v1
2068,1,High-Value Frequent Shoppers,kmeans_k3_v1
2069,2,Large-Basket Occasional Shoppers,kmeans_k3_v1
2070,1,High-Value Frequent Shoppers,kmeans_k3_v1
2071,1,High-Value Frequent Shoppers,kmeans_k3_v1
2072,2,Large-Basket Occasional Shoppers,kmeans_k3_v1
2073,3,Low-Value Low-Engagement Shoppers,kmeans_k3_v1
2074,2,Large-Basket Occasional Shoppers,kmeans_k3_v1
2075,1,High-Value Frequent Shoppers,kmeans_k3_v1
2076,1,High-Value Frequent Shoppers,kmeans_k3_v1
2077,2,Large-Basket Occasional Shoppers,kmeans_k3_v1
2078,2,Large-Basket Occasional Shoppers,kmeans_k3_v1
2079,1,High-Value Frequent Shoppers,kmeans_k3_v1
2080,1,High-Value Frequent Shoppers,kmeans_k3_v1
2081,3,Low-Value Low-Engagement Shoppers,kmeans_k3_v1
2082,1,High-Value Frequent Shoppers,kmeans_k3_v1
2083,1,High-Value Frequent Shoppers,kmeans_k3_v1
2084,1,High-Value Frequent Shoppers,kmeans_k3_v1
2085,1,High-Value Frequent Shoppers,kmeans_k3_v1
2086,1,High-Value Frequent Shoppers,kmeans_k3_v1
2087,1,High-Value Frequent Shoppers,kmeans_k3_v1
2088,1,High-Value Frequent Shoppers,kmeans_k3_v1
2089,3,Low-Value Low-Engagement Shoppers,kmeans_k3_v1
2090,2,Large-Basket Occasional Shoppers,kmeans_k3_v1
2091,2,Large-Basket Occasional Shoppers,kmeans_k3_v1
2092,2,Large-Basket Occasional Shoppers,kmeans_k3_v1
2093,3,Low-Value Low-Engagement Shoppers,kmeans_k3_v1
2094,2,Large-Basket Occasional Shoppers,kmeans_k3_v1
2095,1,High-Value Frequent Shoppers,kmeans_k3_v1
2096,2,Large-Basket Occasional Shoppers,kmeans_k3_v1
2097,1,High-Value Frequent Shoppers,kmeans_k3_v1
2098,2,Large-Basket Occasional Shoppers,kmeans_k3_v1
2099,3,Low-Value Low-Engagement Shoppers,kmeans_k3_v1
2100,2,Large-Basket Occasional Shoppers,kmeans_k3_v1
2101,2,Large-Basket Occasional Shoppers,kmeans_k3_v1
2102,1,High-Value Frequent Shoppers,kmeans_k3_v1
2103,3,Low-Value Low-Engagement Shoppers,kmeans_k3_v1
2104,3,Low-Value Low-Engagement Shoppers,kmeans_k3_v1
2105,2,Large-Basket Occasional Shoppers,kmeans_k3_v1
2106,2,Large-Basket Occasional Shoppers,kmeans_k3_v1
2107,2,Large-Basket Occasional Shoppers,kmeans_k3_v1
2108,1,High-Value Frequent Shoppers,kmeans_k3_v1
2109,1,High-Value Frequent Shoppers,kmeans_k3_v1
2110,1,High-Value Frequent Shoppers,kmeans_k3_v1
2111,2,Large-Basket Occasional Shoppers,kmeans_k3_v1
2112,1,High-Value Frequent Shoppers,kmeans_k3_v1
2113,2,Large-Basket Occasional Shoppers,kmeans_k3_v1
2114,2,Large-Basket Occasional Shoppers,kmeans_k3_v1
2115,1,High-Value Frequent Shoppers,kmeans_k3_v1
2116,1,High-Value Frequent Shoppers,kmeans_k3_v1
2117,2,Large-Basket Occasional Shoppers,kmeans_k3_v1
2118,2,Large-Basket Occasional Shoppers,kmeans_k3_v1
2119,2,Large-Basket Occasional Shoppers,kmeans_k3_v1
2120,3,Low-Value Low-Engagement Shoppers,kmeans_k3_v1
2121,1,High-Value Frequent Shoppers,kmeans_k3_v1
2122,2,Large-Basket Occasional Shoppers,kmeans_k3_v1
2123,2,Large-Basket Occasional Shoppers,kmeans_k3_v1
2124,1,High-Value Frequent Shoppers,kmeans_k3_v1
2125,1,High-Value Frequent Shoppers,kmeans_k3_v1
2126,1,High-Value Frequent Shoppers,kmeans_k3_v1
2127,2,Large-Basket Occasional Shoppers,kmeans_k3_v1
2128,3,Low-Value Low-Engagement Shoppers,kmeans_k3_v1
2129,1,High-Value Frequent Shoppers,kmeans_k3_v1
2130,1,High-Value Frequent Shoppers,kmeans_k3_v1
2131,1,High-Value Frequent Shoppers,kmeans_k3_v1
2132,3,Low-Value Low-Engagement Shoppers,kmeans_k3_v1
2133,1,High-Value Frequent Shoppers,kmeans_k3_v1
2134,1,High-Value Frequent Shoppers,kmeans_k3_v1
2135,2,Large-Basket Occasional Shoppers,kmeans_k3_v1
2136,2,Large-Basket Occasional Shoppers,kmeans_k3_v1
2137,1,High-Value Frequent Shoppers,kmeans_k3_v1
2138,2,Large-Basket Occasional Shoppers,kmeans_k3_v1
2139,1,High-Value Frequent Shoppers,kmeans_k3_v1
2140,2,Large-Basket Occasional Shoppers,kmeans_k3_v1
2141,1,High-Value Frequent Shoppers,kmeans_k3_v1
2142,1,High-Value Frequent Shoppers,kmeans_k3_v1
2143,2,Large-Basket Occasional Shoppers,kmeans_k3_v1
2144,2,Large-Basket Occasional Shoppers,kmeans_k3_v1
2145,3,Low-Value Low-Engagement Shoppers,kmeans_k3_v1
2146,2,Large-Basket Occasional Shoppers,kmeans_k3_v1
2147,1,High-Value Frequent Shoppers,kmeans_k3_v1
2148,1,High-Value Frequent Shoppers,kmeans_k3_v1
2149,2,Large-Basket Occasional Shoppers,kmeans_k3_v1
2150,3,Low-Value Low-Engagement Shoppers,kmeans_k3_v1
2151,3,Low-Value Low-Engagement Shoppers,kmeans_k3_v1
2152,3,Low-Value Low-Engagement Shoppers,kmeans_k3_v1
2153,3,Low-Value Low-Engagement Shoppers,kmeans_k3_v1
2154,1,High-Value Frequent Shoppers,kmeans_k3_v1
2155,2,Large-Basket Occasional Shoppers,kmeans_k3_v1
2156,1,High-Value Frequent Shoppers,kmeans_k3_v1
2157,2,Large-Basket Occasional Shoppers,kmeans_k3_v1
2158,1,High-Value Frequent Shoppers,kmeans_k3_v1
2159,3,Low-Value Low-Engagement Shoppers,kmeans_k3_v1
2160,3,Low-Value Low-Engagement Shoppers,kmeans_k3_v1
2161,2,Large-Basket Occasional Shoppers,kmeans_k3_v1
2162,1,High-Value Frequent Shoppers,kmeans_k3_v1
2163,3,Low-Value Low-Engagement Shoppers,kmeans_k3_v1
2164,2,Large-Basket Occasional Shoppers,kmeans_k3_v1
2165,3,Low-Value Low-Engagement Shoppers,kmeans_k3_v1
2166,3,Low-Value Low-Engagement Shoppers,kmeans_k3_v1
2167,2,Large-Basket Occasional Shoppers,kmeans_k3_v1
2168,1,High-Value Frequent Shoppers,kmeans_k3_v1
2169,2,Large-Basket Occasional Shoppers,kmeans_k3_v1
2170,1,High-Value Frequent Shoppers,kmeans_k3_v1
2171,1,High-Value Frequent Shoppers,kmeans_k3_v1
2172,1,High-Value Frequent Shoppers,kmeans_k3_v1
2173,1,High-Value Frequent Shoppers,kmeans_k3_v1
2174,3,Low-Value Low-Engagement Shoppers,kmeans_k3_v1
2175,2,Large-Basket Occasional Shoppers,kmeans_k3_v1
2176,1,High-Value Frequent Shoppers,kmeans_k3_v1
2177,2,Large-Basket Occasional Shoppers,kmeans_k3_v1
2178,1,High-Value Frequent Shoppers,kmeans_k3_v1
2179,2,Large-Basket Occasional Shoppers,kmeans_k3_v1
2180,3,Low-Value Low-Engagement Shoppers,kmeans_k3_v1
2181,2,Large-Basket Occasional Shoppers,kmeans_k3_v1
2182,2,Large-Basket Occasional Shoppers,kmeans_k3_v1
2183,1,High-Value Frequent Shoppers,kmeans_k3_v1
2184,1,High-Value Frequent Shoppers,kmeans_k3_v1
2185,1,High-Value Frequent Shoppers,kmeans_k3_v1
2186,1,High-Value Frequent Shoppers,kmeans_k3_v1
2187,2,Large-Basket Occasional Shoppers,kmeans_k3_v1
2188,1,High-Value Frequent Shoppers,kmeans_k3_v1
2189,3,Low-Value Low-Engagement Shoppers,kmeans_k3_v1
2190,1,High-Value Frequent Shoppers,kmeans_k3_v1
2191,2,Large-Basket Occasional Shoppers,kmeans_k3_v1
2192,3,Low-Value Low-Engagement Shoppers,kmeans_k3_v1
2193,1,High-Value Frequent Shoppers,kmeans_k3_v1
2194,1,High-Value Frequent Shoppers,kmeans_k3_v1
2195,3,Low-Value Low-Engagement Shoppers,kmeans_k3_v1
2196,2,Large-Basket Occasional Shoppers,kmeans_k3_v1
2197,3,Low-Value Low-Engagement Shoppers,kmeans_k3_v1
2198,1,High-Value Frequent Shoppers,kmeans_k3_v1
2199,1,High-Value Frequent Shoppers,kmeans_k3_v1
2200,1,High-Value Frequent Shoppers,kmeans_k3_v1
2201,3,Low-Value Low-Engagement Shoppers,kmeans_k3_v1
2202,3,Low-Value Low-Engagement Shoppers,kmeans_k3_v1
2203,1,High-Value Frequent Shoppers,kmeans_k3_v1
2204,1,High-Value Frequent Shoppers,kmeans_k3_v1
2205,1,High-Value Frequent Shoppers,kmeans_k3_v1
2206,3,Low-Value Low-Engagement Shoppers,kmeans_k3_v1
2207,1,High-Value Frequent Shoppers,kmeans_k3_v1
2208,1,High-Value Frequent Shoppers,kmeans_k3_v1
2209,1,High-Value Frequent Shoppers,kmeans_k3_v1
2210,2,Large-Basket Occasional Shoppers,kmeans_k3_v1
2211,2,Large-Basket Occasional Shoppers,kmeans_k3_v1
2212,3,Low-Value Low-Engagement Shoppers,kmeans_k3_v1
2213,2,Large-Basket Occasional Shoppers,kmeans_k3_v1
2214,3,Low-Value Low-Engagement Shoppers,kmeans_k3_v1
2215,1,High-Value Frequent Shoppers,kmeans_k3_v1
2216,3,Low-Value Low-Engagement Shoppers,kmeans_k3_v1
2217,1,High-Value Frequent Shoppers,kmeans_k3_v1
2218,2,Large-Basket Occasional Shoppers,kmeans_k3_v1
2219,2,Large-Basket Occasional Shoppers,kmeans_k3_v1
2220,3,Low-Value Low-Engagement Shoppers,kmeans_k3_v1
2221,1,High-Value Frequent Shoppers,kmeans_k3_v1
2222,2,Large-Basket Occasional Shoppers,kmeans_k3_v1
2223,3,Low-Value Low-Engagement Shoppers,kmeans_k3_v1
2224,1,High-Value Frequent Shoppers,kmeans_k3_v1
2225,1,High-Value Frequent Shoppers,kmeans_k3_v1
2226,1,High-Value Frequent Shoppers,kmeans_k3_v1
2227,1,High-Value Frequent Shoppers,kmeans_k3_v1
2228,1,High-Value Frequent Shoppers,kmeans_k3_v1
2229,2,Large-Basket Occasional Shoppers,kmeans_k3_v1
2230,2,Large-Basket Occasional Shoppers,kmeans_k3_v1
2231,1,High-Value Frequent Shoppers,kmeans_k3_v1
2232,2,Large-Basket Occasional Shoppers,kmeans_k3_v1
2233,1,High-Value Frequent Shoppers,kmeans_k3_v1
2234,1,High-Value Frequent Shoppers,kmeans_k3_v1
2235,1,High-Value Frequent Shoppers,kmeans_k3_v1
2236,1,High-Value Frequent Shoppers,kmeans_k3_v1
2237,1,High-Value Frequent Shoppers,kmeans_k3_v1
2238,1,High-Value Frequent Shoppers,kmeans_k3_v1
2239,2,Large-Basket Occasional Shoppers,kmeans_k3_v1
2240,1,High-Value Frequent Shoppers,kmeans_k3_v1
2241,2,Large-Basket Occasional Shoppers,kmeans_k3_v1
2242,3,Low-Value Low-Engagement Shoppers,kmeans_k3_v1
2243,2,Large-Basket Occasional Shoppers,kmeans_k3_v1
2244,1,High-Value Frequent Shoppers,kmeans_k3_v1
2245,1,High-Value Frequent Shoppers,kmeans_k3_v1
2246,2,Large-Basket Occasional Shoppers,kmeans_k3_v1
2247,1,High-Value Frequent Shoppers,kmeans_k3_v1
2248,2,Large-Basket Occasional Shoppers,kmeans_k3_v1
2249,3,Low-Value Low-Engagement Shoppers,kmeans_k3_v1
2250,2,Large-Basket Occasional Shoppers,kmeans_k3_v1
2251,2,Large-Basket Occasional Shoppers,kmeans_k3_v1
2252,1,High-Value Frequent Shoppers,kmeans_k3_v1
2253,3,Low-Value Low-Engagement Shoppers,kmeans_k3_v1
2254,3,Low-Value Low-Engagement Shoppers,kmeans_k3_v1
2255,2,Large-Basket Occasional Shoppers,kmeans_k3_v1
2256,2,Large-Basket Occasional Shoppers,kmeans_k3_v1
2257,3,Low-Value Low-Engagement Shoppers,kmeans_k3_v1
2258,2,Large-Basket Occasional Shoppers,kmeans_k3_v1
2259,2,Large-Basket Occasional Shoppers,kmeans_k3_v1
2260,1,High-Value Frequent Shoppers,kmeans_k3_v1
2261,1,High-Value Frequent Shoppers,kmeans_k3_v1
2262,1,High-Value Frequent Shoppers,kmeans_k3_v1
2263,1,High-Value Frequent Shoppers,kmeans_k3_v1
2264,1,High-Value Frequent Shoppers,kmeans_k3_v1
2265,3,Low-Value Low-Engagement Shoppers,kmeans_k3_v1
2266,1,High-Value Frequent Shoppers,kmeans_k3_v1
2267,2,Large-Basket Occasional Shoppers,kmeans_k3_v1
2268,2,Large-Basket Occasional Shoppers,kmeans_k3_v1
2269,1,High-Value Frequent Shoppers,kmeans_k3_v1
2270,1,High-Value Frequent Shoppers,kmeans_k3_v1
2271,3,Low-Value Low-Engagement Shoppers,kmeans_k3_v1
2272,2,Large-Basket Occasional Shoppers,kmeans_k3_v1
2273,2,Large-Basket Occasional Shoppers,kmeans_k3_v1
2274,1,High-Value Frequent Shoppers,kmeans_k3_v1
2275,1,High-Value Frequent Shoppers,kmeans_k3_v1
2276,2,Large-Basket Occasional Shoppers,kmeans_k3_v1
2277,1,High-Value Frequent Shoppers,kmeans_k3_v1
2278,2,Large-Basket Occasional Shoppers,kmeans_k3_v1
2279,3,Low-Value Low-Engagement Shoppers,kmeans_k3_v1
2280,1,High-Value Frequent Shoppers,kmeans_k3_v1
2281,1,High-Value Frequent Shoppers,kmeans_k3_v1
2282,3,Low-Value Low-Engagement Shoppers,kmeans_k3_v1
2283,2,Large-Basket Occasional Shoppers,kmeans_k3_v1
2284,1,High-Value Frequent Shoppers,kmeans_k3_v1
2285,2,Large-Basket Occasional Shoppers,kmeans_k3_v1
2286,3,Low-Value Low-Engagement Shoppers,kmeans_k3_v1
2287,2,Large-Basket Occasional Shoppers,kmeans_k3_v1
2288,1,High-Value Frequent Shoppers,kmeans_k3_v1
2289,1,High-Value Frequent Shoppers,kmeans_k3_v1
2290,3,Low-Value Low-Engagement Shoppers,kmeans_k3_v1
2291,3,Low-Value Low-Engagement Shoppers,kmeans_k3_v1
2292,1,High-Value Frequent Shoppers,kmeans_k3_v1
2293,2,Large-Basket Occasional Shoppers,kmeans_k3_v1
2294,1,High-Value Frequent Shoppers,kmeans_k3_v1
2295,1,High-Value Frequent Shoppers,kmeans_k3_v1
2296,1,High-Value Frequent Shoppers,kmeans_k3_v1
2297,3,Low-Value Low-Engagement Shoppers,kmeans_k3_v1
2298,2,Large-Basket Occasional Shoppers,kmeans_k3_v1
2299,2,Large-Basket Occasional Shoppers,kmeans_k3_v1
2300,1,High-Value Frequent Shoppers,kmeans_k3_v1
2301,1,High-Value Frequent Shoppers,kmeans_k3_v1
2302,2,Large-Basket Occasional Shoppers,kmeans_k3_v1
2303,2,Large-Basket Occasional Shoppers,kmeans_k3_v1
2304,3,Low-Value Low-Engagement Shoppers,kmeans_k3_v1
2305,1,High-Value Frequent Shoppers,kmeans_k3_v1
2306,3,Low-Value Low-Engagement Shoppers,kmeans_k3_v1
2307,1,High-Value Frequent Shoppers,kmeans_k3_v1
2308,3,Low-Value Low-Engagement Shoppers,kmeans_k3_v1
2309,2,Large-Basket Occasional Shoppers,kmeans_k3_v1
2310,2,Large-Basket Occasional Shoppers,kmeans_k3_v1
2311,2,Large-Basket Occasional Shoppers,kmeans_k3_v1
2312,1,High-Value Frequent Shoppers,kmeans_k3_v1
2313,3,Low-Value Low-Engagement Shoppers,kmeans_k3_v1
2314,2,Large-Basket Occasional Shoppers,kmeans_k3_v1
2315,3,Low-Value Low-Engagement Shoppers,kmeans_k3_v1
2316,2,Large-Basket Occasional Shoppers,kmeans_k3_v1
2317,1,High-Value Frequent Shoppers,kmeans_k3_v1
2318,1,High-Value Frequent Shoppers,kmeans_k3_v1
2319,3,Low-Value Low-Engagement Shoppers,kmeans_k3_v1
2320,3,Low-Value Low-Engagement Shoppers,kmeans_k3_v1
2321,3,Low-Value Low-Engagement Shoppers,kmeans_k3_v1
2322,1,High-Value Frequent Shoppers,kmeans_k3_v1
2323,2,Large-Basket Occasional Shoppers,kmeans_k3_v1
2324,1,High-Value Frequent Shoppers,kmeans_k3_v1
2325,3,Low-Value Low-Engagement Shoppers,kmeans_k3_v1
2326,2,Large-Basket Occasional Shoppers,kmeans_k3_v1
2327,2,Large-Basket Occasional Shoppers,kmeans_k3_v1
2328,1,High-Value Frequent Shoppers,kmeans_k3_v1
2329,2,Large-Basket Occasional Shoppers,kmeans_k3_v1
2330,1,High-Value Frequent Shoppers,kmeans_k3_v1
2331,2,Large-Basket Occasional Shoppers,kmeans_k3_v1
2332,3,Low-Value Low-Engagement Shoppers,kmeans_k3_v1
2333,3,Low-Value Low-Engagement Shoppers,kmeans_k3_v1
2334,1,High-Value Frequent Shoppers,kmeans_k3_v1
2335,2,Large-Basket Occasional Shoppers,kmeans_k3_v1
2336,2,Large-Basket Occasional Shoppers,kmeans_k3_v1
2337,1,High-Value Frequent Shoppers,kmeans_k3_v1
2338,1,High-Value Frequent Shoppers,kmeans_k3_v1
2339,3,Low-Value Low-Engagement Shoppers,kmeans_k3_v1
2340,1,High-Value Frequent Shoppers,kmeans_k3_v1
2341,1,High-Value Frequent Shoppers,kmeans_k3_v1
2342,1,High-Value Frequent Shoppers,kmeans_k3_v1
2343,1,High-Value Frequent Shoppers,kmeans_k3_v1
2344,2,Large-Basket Occasional Shoppers,kmeans_k3_v1
2345,1,High-Value Frequent Shoppers,kmeans_k3_v1
2346,2,Large-Basket Occasional Shoppers,kmeans_k3_v1
2347,1,High-Value Frequent Shoppers,kmeans_k3_v1
2348,3,Low-Value Low-Engagement Shoppers,kmeans_k3_v1
2349,2,Large-Basket Occasional Shoppers,kmeans_k3_v1
2350,2,Large-Basket Occasional Shoppers,kmeans_k3_v1
2351,1,High-Value Frequent Shoppers,kmeans_k3_v1
2352,2,Large-Basket Occasional Shoppers,kmeans_k3_v1
2353,2,Large-Basket Occasional Shoppers,kmeans_k3_v1
2354,2,Large-Basket Occasional Shoppers,kmeans_k3_v1
2355,3,Low-Value Low-Engagement Shoppers,kmeans_k3_v1
2356,2,Large-Basket Occasional Shoppers,kmeans_k3_v1
2357,3,Low-Value Low-Engagement Shoppers,kmeans_k3_v1
2358,2,Large-Basket Occasional Shoppers,kmeans_k3_v1
2359,1,High-Value Frequent Shoppers,kmeans_k3_v1
2360,1,High-Value Frequent Shoppers,kmeans_k3_v1
2361,2,Large-Basket Occasional Shoppers,kmeans_k3_v1
2362,3,Low-Value Low-Engagement Shoppers,kmeans_k3_v1
2363,2,Large-Basket Occasional Shoppers,kmeans_k3_v1
2364,1,High-Value Frequent Shoppers,kmeans_k3_v1
2365,2,Large-Basket Occasional Shoppers,kmeans_k3_v1
2366,1,High-Value Frequent Shoppers,kmeans_k3_v1
2367,1,High-Value Frequent Shoppers,kmeans_k3_v1
2368,2,Large-Basket Occasional Shoppers,kmeans_k3_v1
2369,2,Large-Basket Occasional Shoppers,kmeans_k3_v1
2370,1,High-Value Frequent Shoppers,kmeans_k3_v1
2371,2,Large-Basket Occasional Shoppers,kmeans_k3_v1
2372,2,Large-Basket Occasional Shoppers,kmeans_k3_v1
2373,1,High-Value Frequent Shoppers,kmeans_k3_v1
2374,2,Large-Basket Occasional Shoppers,kmeans_k3_v1
2375,1,High-Value Frequent Shoppers,kmeans_k3_v1
2376,1,High-Value Frequent Shoppers,kmeans_k3_v1
2377,2,Large-Basket Occasional Shoppers,kmeans_k3_v1
2378,1,High-Value Frequent Shoppers,kmeans_k3_v1
2379,2,Large-Basket Occasional Shoppers,kmeans_k3_v1
2380,1,High-Value Frequent Shoppers,kmeans_k3_v1
2381,2,Large-Basket Occasional Shoppers,kmeans_k3_v1
2382,3,Low-Value Low-Engagement Shoppers,kmeans_k3_v1
2383,2,Large-Basket Occasional Shoppers,kmeans_k3_v1
2384,2,Large-Basket Occasional Shoppers,kmeans_k3_v1
2385,1,High-Value Frequent Shoppers,kmeans_k3_v1
2386,3,Low-Value Low-Engagement Shoppers,kmeans_k3_v1
2387,2,Large-Basket Occasional Shoppers,kmeans_k3_v1
2388,2,Large-Basket Occasional Shoppers,kmeans_k3_v1
2389,2,Large-Basket Occasional Shoppers,kmeans_k3_v1
2390,3,Low-Value Low-Engagement Shoppers,kmeans_k3_v1
2391,3,Low-Value Low-Engagement Shoppers,kmeans_k3_v1
2392,2,Large-Basket Occasional Shoppers,kmeans_k3_v1
2393,2,Large-Basket Occasional Shoppers,kmeans_k3_v1
2394,3,Low-Value Low-Engagement Shoppers,kmeans_k3_v1
2395,1,High-Value Frequent Shoppers,kmeans_k3_v1
2396,2,Large-Basket Occasional Shoppers,kmeans_k3_v1
2397,2,Large-Basket Occasional Shoppers,kmeans_k3_v1
2398,2,Large-Basket Occasional Shoppers,kmeans_k3_v1
2399,3,Low-Value Low-Engagement Shoppers,kmeans_k3_v1
2400,1,High-Value Frequent Shoppers,kmeans_k3_v1
2401,3,Low-Value Low-Engagement Shoppers,kmeans_k3_v1
2402,2,Large-Basket Occasional Shoppers,kmeans_k3_v1
2403,3,Low-Value Low-Engagement Shoppers,kmeans_k3_v1
2404,2,Large-Basket Occasional Shoppers,kmeans_k3_v1
2405,1,High-Value Frequent Shoppers,kmeans_k3_v1
2406,1,High-Value Frequent Shoppers,kmeans_k3_v1
2407,1,High-Value Frequent Shoppers,kmeans_k3_v1
2408,2,Large-Basket Occasional Shoppers,kmeans_k3_v1
2409,2,Large-Basket Occasional Shoppers,kmeans_k3_v1
2410,2,Large-Basket Occasional Shoppers,kmeans_k3_v1
2411,1,High-Value Frequent Shoppers,kmeans_k3_v1
2412,1,High-Value Frequent Shoppers,kmeans_k3_v1
2413,3,Low-Value Low-Engagement Shoppers,kmeans_k3_v1
2414,2,Large-Basket Occasional Shoppers,kmeans_k3_v1
2415,1,High-Value Frequent Shoppers,kmeans_k3_v1
2416,1,High-Value Frequent Shoppers,kmeans_k3_v1
2417,3,Low-Value Low-Engagement Shoppers,kmeans_k3_v1
2418,2,Large-Basket Occasional Shoppers,kmeans_k3_v1
2419,3,Low-Value Low-Engagement Shoppers,kmeans_k3_v1
2420,2,Large-Basket Occasional Shoppers,kmeans_k3_v1
2421,1,High-Value Frequent Shoppers,kmeans_k3_v1
2422,2,Large-Basket Occasional Shoppers,kmeans_k3_v1
2423,2,Large-Basket Occasional Shoppers,kmeans_k3_v1
2424,1,High-Value Frequent Shoppers,kmeans_k3_v1
2425,1,High-Value Frequent Shoppers,kmeans_k3_v1
2426,2,Large-Basket Occasional Shoppers,kmeans_k3_v1
2427,1,High-Value Frequent Shoppers,kmeans_k3_v1
2428,3,Low-Value Low-Engagement Shoppers,kmeans_k3_v1
2429,2,Large-Basket Occasional Shoppers,kmeans_k3_v1
2430,2,Large-Basket Occasional Shoppers,kmeans_k3_v1
2431,2,Large-Basket Occasional Shoppers,kmeans_k3_v1
2432,1,High-Value Frequent Shoppers,kmeans_k3_v1
2433,3,Low-Value Low-Engagement Shoppers,kmeans_k3_v1
2434,2,Large-Basket Occasional Shoppers,kmeans_k3_v1
2435,2,Large-Basket Occasional Shoppers,kmeans_k3_v1
2436,2,Large-Basket Occasional Shoppers,kmeans_k3_v1
2437,2,Large-Basket Occasional Shoppers,kmeans_k3_v1
2438,1,High-Value Frequent Shoppers,kmeans_k3_v1
2439,3,Low-Value Low-Engagement Shoppers,kmeans_k3_v1
2440,1,High-Value Frequent Shoppers,kmeans_k3_v1
2441,2,Large-Basket Occasional Shoppers,kmeans_k3_v1
2442,2,Large-Basket Occasional Shoppers,kmeans_k3_v1
2443,2,Large-Basket Occasional Shoppers,kmeans_k3_v1
2444,3,Low-Value Low-Engagement Shoppers,kmeans_k3_v1
2445,1,High-Value Frequent Shoppers,kmeans_k3_v1
2446,1,High-Value Frequent Shoppers,kmeans_k3_v1
2447,1,High-Value Frequent Shoppers,kmeans_k3_v1
2448,1,High-Value Frequent Shoppers,kmeans_k3_v1
2449,1,High-Value Frequent Shoppers,kmeans_k3_v1
2450,2,Large-Basket Occasional Shoppers,kmeans_k3_v1
2451,1,High-Value Frequent Shoppers,kmeans_k3_v1
2452,1,High-Value Frequent Shoppers,kmeans_k3_v1
2453,1,High-Value Frequent Shoppers,kmeans_k3_v1
2454,3,Low-Value Low-Engagement Shoppers,kmeans_k3_v1
2455,1,High-Value Frequent Shoppers,kmeans_k3_v1
2456,2,Large-Basket Occasional Shoppers,kmeans_k3_v1
2457,2,Large-Basket Occasional Shoppers,kmeans_k3_v1
2458,2,Large-Basket Occasional Shoppers,kmeans_k3_v1
2459,1,High-Value Frequent Shoppers,kmeans_k3_v1
2460,2,Large-Basket Occasional Shoppers,kmeans_k3_v1
2461,2,Large-Basket Occasional Shoppers,kmeans_k3_v1
2462,1,High-Value Frequent Shoppers,kmeans_k3_v1
2463,3,Low-Value Low-Engagement Shoppers,kmeans_k3_v1
2464,3,Low-Value Low-Engagement Shoppers,kmeans_k3_v1
2465,3,Low-Value Low-Engagement Shoppers,kmeans_k3_v1
2466,1,High-Value Frequent Shoppers,kmeans_k3_v1
2467,1,High-Value Frequent Shoppers,kmeans_k3_v1
2468,2,Large-Basket Occasional Shoppers,kmeans_k3_v1
2469,3,Low-Value Low-Engagement Shoppers,kmeans_k3_v1
2470,3,Low-Value Low-Engagement Shoppers,kmeans_k3_v1
2471,2,Large-Basket Occasional Shoppers,kmeans_k3_v1
2472,2,Large-Basket Occasional Shoppers,kmeans_k3_v1
2473,2,Large-Basket Occasional Shoppers,kmeans_k3_v1
2474,3,Low-Value Low-Engagement Shoppers,kmeans_k3_v1
2475,1,High-Value Frequent Shoppers,kmeans_k3_v1
2476,3,Low-Value Low-Engagement Shoppers,kmeans_k3_v1
2477,2,Large-Basket Occasional Shoppers,kmeans_k3_v1
2478,1,High-Value Frequent Shoppers,kmeans_k3_v1
2479,1,High-Value Frequent Shoppers,kmeans_k3_v1
2480,2,Large-Basket Occasional Shoppers,kmeans_k3_v1
2481,1,High-Value Frequent Shoppers,kmeans_k3_v1
2482,2,Large-Basket Occasional Shoppers,kmeans_k3_v1
2483,2,Large-Basket Occasional Shoppers,kmeans_k3_v1
2484,1,High-Value Frequent Shoppers,kmeans_k3_v1
2485,2,Large-Basket Occasional Shoppers,kmeans_k3_v1
2486,1,High-Value Frequent Shoppers,kmeans_k3_v1
2487,2,Large-Basket Occasional Shoppers,kmeans_k3_v1
2488,1,High-Value Frequent Shoppers,kmeans_k3_v1
2489,1,High-Value Frequent Shoppers,kmeans_k3_v1
2490,3,Low-Value Low-Engagement Shoppers,kmeans_k3_v1
2491,3,Low-Value Low-Engagement Shoppers,kmeans_k3_v1
2492,1,High-Value Frequent Shoppers,kmeans_k3_v1
2493,2,Large-Basket Occasional Shoppers,kmeans_k3_v1
2494,2,Large-Basket Occasional Shoppers,kmeans_k3_v1
2495,3,Low-Value Low-Engagement Shoppers,kmeans_k3_v1
2496,2,Large-Basket Occasional Shoppers,kmeans_k3_v1
2497,1,High-Value Frequent Shoppers,kmeans_k3_v1
2498,1,High-Value Frequent Shoppers,kmeans_k3_v1
2499,1,High-Value Frequent Shoppers,kmeans_k3_v1
2500,1,High-Value Frequent Shoppers,kmeans_k3_v1
