segment_id,segment_name,category,category_sales,category_promo_line_sales,category_transactions,category_promo_transactions,purchasing_customers,segment_customers,category_promo_spend_share,category_promo_transaction_share,customer_penetration,sales_rank
1,High-Value Frequent Shoppers,COUPON/MISC ITEMS,542555.42,514824.01,22630,19350,968,1007,0.9488874150404764,0.8550596553247901,0.9612711022840119,1
1,High-Value Frequent Shoppers,SOFT DRINKS,237213.63,160608.1,52543,35919,1004,1007,0.6770610103643707,0.6836115181851056,0.997020854021847,2
1,High-Value Frequent Shoppers,BEEF,221253.67,108645.37,26166,14313,980,1007,0.49104437454077027,0.5470075670717726,0.9731876861966237,3
1,High-Value Frequent Shoppers,FLUID MILK PRODUCTS,149879.7,67149.79,49425,25183,1005,1007,0.44802458238173676,0.50951947395043,0.9980139026812314,4
1,High-Value Frequent Shoppers,CHEESE,135886.4,102324.61,33676,28316,1005,1007,0.7530158279268566,0.8408362038246823,0.9980139026812314,5
1,High-Value Frequent Shoppers,FRZN MEAT/MEAT DINNERS,109611.53,82338.53,15872,12189,963,1007,0.7511849346505792,0.7679561491935484,0.9563058589870904,6
1,High-Value Frequent Shoppers,BAG SNACKS,106251.61,52695.94,30361,17223,1005,1007,0.4959542730693681,0.5672738052106321,0.9980139026812314,7
1,High-Value Frequent Shoppers,BEERS/ALES,105998.51,381.17,11250,34,806,1007,0.0035959939436884542,0.003022222222222222,0.8003972194637538,8
1,High-Value Frequent Shoppers,BAKED BREAD/BUNS/ROLLS,104919.67,69174.84,42920,33520,1004,1007,0.659312405385949,0.7809878844361603,0.997020854021847,9
1,High-Value Frequent Shoppers,FROZEN PIZZA,101203.81,70414.53,16258,12045,947,1007,0.6957695565018748,0.7408660351826793,0.9404170804369414,10
1,High-Value Frequent Shoppers,COLD CEREAL,80037.07,48018.88,17979,12518,974,1007,0.599957994464315,0.6962567439790868,0.9672293942403177,11
1,High-Value Frequent Shoppers,DELI MEATS,79452.27,38933.68,12645,7112,865,1007,0.49002602442950965,0.5624357453538948,0.858987090367428,12
1,High-Value Frequent Shoppers,CIGARETTES,78324.0,8750.82,8739,335,520,1007,0.11172590776773403,0.038333905481176336,0.5163853028798411,13
1,High-Value Frequent Shoppers,CHICKEN,67399.42,46555.26,10736,7837,915,1007,0.6907368045600393,0.7299739195230999,0.9086395233366436,14
1,High-Value Frequent Shoppers,LUNCHMEAT,64195.01,32202.46,16656,9286,969,1007,0.5016349401612368,0.5575168107588857,0.9622641509433962,15
1,High-Value Frequent Shoppers,SOUP,62517.51,24495.15,16956,8266,995,1007,0.3918126297736426,0.4874970511913187,0.9880834160873883,16
1,High-Value Frequent Shoppers,PORK,62024.71,37627.35,8651,5566,849,1007,0.6066509621729791,0.6433938273032019,0.843098311817279,17
1,High-Value Frequent Shoppers,ICE CREAM/MILK/SHERBTS,58444.64,45452.38,14042,11309,986,1007,0.7776997172024671,0.8053696054693064,0.9791459781529295,18
1,High-Value Frequent Shoppers,CANDY - PACKAGED,55435.64,19886.06,16128,7416,992,1007,0.35872337723529485,0.45982142857142855,0.9851042701092354,19
1,High-Value Frequent Shoppers,CANNED JUICES,54530.6,24358.77,14743,7245,977,1007,0.4466991010551874,0.4914196567862715,0.9702085402184707,20
1,High-Value Frequent Shoppers,DOMESTIC WINE,50893.1,115.15,3698,12,447,1007,0.002262585694327915,0.003244997295835587,0.4438927507447865,21
1,High-Value Frequent Shoppers,REFRGRATD JUICES/DRNKS,50498.95,36862.49,18018,12515,963,1007,0.7299654745296684,0.6945831945831946,0.9563058589870904,22
1,High-Value Frequent Shoppers,WATER - CARBONATED/FLVRD DRINK,48270.18,20873.25,13620,5337,922,1007,0.4324253607506746,0.3918502202643172,0.9155908639523337,23
1,High-Value Frequent Shoppers,COFFEE,48023.51,24252.03,8537,4732,836,1007,0.505003278602501,0.5542930771933935,0.8301886792452831,24
1,High-Value Frequent Shoppers,DIAPERS & DISPOSABLES,47423.29,22029.15,3606,1637,372,1007,0.4645217571366306,0.45396561286744314,0.36941410129096325,25
1,High-Value Frequent Shoppers,CRACKERS/MISC BKD FD,45371.37,25957.52,16071,10847,998,1007,0.572112325459866,0.6749424429095887,0.9910625620655412,26
1,High-Value Frequent Shoppers,BATH TISSUES,45336.6,33750.57,10160,6559,925,1007,0.7444442238721034,0.6455708661417323,0.9185700099304865,27
1,High-Value Frequent Shoppers,MEAT - MISC,44778.1,34611.16,5784,4366,833,1007,0.7729483832498477,0.7548409405255878,0.8272095332671301,28
1,High-Value Frequent Shoppers,SEAFOOD - FROZEN,42228.67,28031.09,5285,3704,815,1007,0.663792868683764,0.7008514664143803,0.8093346573982125,29
1,High-Value Frequent Shoppers,LAUNDRY DETERGENTS,41925.78,31892.57,6464,4429,865,1007,0.7606911547024289,0.6851794554455446,0.858987090367428,30
1,High-Value Frequent Shoppers,YOGURT,41854.21,32189.87,12524,9426,877,1007,0.7690951519572344,0.7526349409134462,0.8709036742800397,31
1,High-Value Frequent Shoppers,VEGETABLES - SHELF STABLE,41286.55,25490.35,16442,11860,983,1007,0.6174008242393708,0.7213234399708065,0.9761668321747765,32
1,High-Value Frequent Shoppers,DOG FOODS,40818.34,24843.55,5523,3546,528,1007,0.6086369509392102,0.6420423682781097,0.5243296921549155,33
1,High-Value Frequent Shoppers,CONVENIENT BRKFST/WHLSM SNACKS,40007.27,19094.33,10289,5686,892,1007,0.4772715059038021,0.5526290212848673,0.8857994041708044,34
1,High-Value Frequent Shoppers,COOKIES/CONES,39524.11,22185.66,12357,7793,979,1007,0.5613196603288474,0.6306546896495914,0.9721946375372393,35
1,High-Value Frequent Shoppers,CHEESES,39232.49,13102.37,8427,3803,805,1007,0.33396733166821685,0.4512875281832206,0.7994041708043694,36
1,High-Value Frequent Shoppers,BAKED SWEET GOODS,38613.04,15346.65,13349,6580,922,1007,0.39744733903365287,0.4929208180388044,0.9155908639523337,37
1,High-Value Frequent Shoppers,MEAT - SHELF STABLE,37240.03,18860.95,9689,5307,904,1007,0.5064697853358335,0.5477345443286201,0.8977159880834161,38
1,High-Value Frequent Shoppers,FROZEN MEAT,35340.61,27036.07,5773,4628,826,1007,0.7650142428215019,0.8016629135631388,0.82025819265144,39
1,High-Value Frequent Shoppers,HISPANIC,34965.5,12325.13,10380,5081,939,1007,0.35249402982940325,0.4894990366088632,0.9324726911618669,40
1,High-Value Frequent Shoppers,INFANT FORMULA,34290.57,31160.47,1887,1761,255,1007,0.9087183444311366,0.9332273449920508,0.253227408142999,41
1,High-Value Frequent Shoppers,HAIR CARE PRODUCTS,34172.2,11837.76,5997,2629,821,1007,0.3464149220711573,0.4383858595964649,0.8152929493545183,42
1,High-Value Frequent Shoppers,POTATOES,33774.9,5657.76,11323,2151,957,1007,0.1675137454144942,0.18996732314757572,0.9503475670307845,43
1,High-Value Frequent Shoppers,BACON,33358.42,22043.15,7996,5649,880,1007,0.6607971840392921,0.7064782391195598,0.8738828202581926,44
1,High-Value Frequent Shoppers,SALD DRSNG/SNDWCH SPRD,33305.99,16081.88,11753,6444,993,1007,0.48285248389253704,0.5482855441163959,0.9860973187686196,45
1,High-Value Frequent Shoppers,BREAKFAST SAUSAGE/SANDWICHES,32698.86,21146.81,7856,5702,869,1007,0.6467139833009469,0.7258146639511202,0.8629592850049652,46
1,High-Value Frequent Shoppers,SALAD MIX,32461.31,15096.39,11239,5851,914,1007,0.465057941284563,0.5205979179642317,0.9076464746772592,47
1,High-Value Frequent Shoppers,FD WRAPS/BAGS/TRSH BG,32198.55,18209.43,8482,5526,966,1007,0.5655357151176063,0.6514972883753831,0.9592850049652433,48
1,High-Value Frequent Shoppers,CONDIMENTS/SAUCES,32000.06,16458.67,12759,7695,995,1007,0.5143324731266128,0.6031036915118739,0.9880834160873883,49
1,High-Value Frequent Shoppers,REFRGRATD DOUGH PRODUCTS,31514.65,18712.35,10384,6753,925,1007,0.5937667084990631,0.6503274268104776,0.9185700099304865,50
1,High-Value Frequent Shoppers,DINNER MXS:DRY,31473.22,17955.18,9260,5721,917,1007,0.5704907219534575,0.6178185745140389,0.9106256206554121,51
1,High-Value Frequent Shoppers,FRZN VEGETABLE/VEG DSH,31342.49,26863.27,9350,8306,897,1007,0.8570879339835475,0.8883422459893048,0.8907646474677259,52
1,High-Value Frequent Shoppers,TOMATOES,30684.22,4867.36,11249,2618,918,1007,0.1586274638886046,0.23273179838207841,0.9116186693147964,53
1,High-Value Frequent Shoppers,HOUSEHOLD CLEANG NEEDS,29670.670000000002,11146.22,5603,2969,854,1007,0.37566458728434504,0.5298946992682492,0.8480635551142006,54
1,High-Value Frequent Shoppers,MILK BY-PRODUCTS,29638.59,18830.94,14118,9636,964,1007,0.635352086587115,0.6825329366765831,0.9572989076464746,55
1,High-Value Frequent Shoppers,DINNER SAUSAGE,29517.42,19969.25,6810,5128,879,1007,0.676524235519229,0.7530102790014684,0.8728897715988083,56
1,High-Value Frequent Shoppers,TROPICAL FRUIT,29440.84,4571.88,23428,4941,980,1007,0.15529040611612985,0.21090148540208298,0.9731876861966237,57
1,High-Value Frequent Shoppers,FRUIT - SHELF STABLE,29088.84,18728.84,9580,6993,929,1007,0.6438496688076939,0.7299582463465554,0.9225422045680238,58
1,High-Value Frequent Shoppers,FRZN NOVELTIES/WTR ICE,28733.91,19694.65,7363,5424,904,1007,0.6854148982856841,0.7366562542441939,0.8977159880834161,59
1,High-Value Frequent Shoppers,EGGS,28370.28,10346.29,19721,7832,998,1007,0.36468762380914116,0.3971401044571776,0.9910625620655412,60
1,High-Value Frequent Shoppers,APPLES,28232.14,5484.2300000000005,9571,2326,908,1007,0.19425484571839047,0.2430258071256922,0.9016881827209533,61
1,High-Value Frequent Shoppers,ORAL HYGIENE PRODUCTS,27193.5,9152.47,5725,2502,880,1007,0.33656829757111073,0.4370305676855895,0.8738828202581926,62
1,High-Value Frequent Shoppers,DRY BN/VEG/POTATO/RICE,26441.09,10586.09,9485,4357,952,1007,0.40036511354108323,0.45935687928307856,0.945382323733863,63
1,High-Value Frequent Shoppers,CAKES,25690.56,4842.39,3068,779,770,1007,0.1884890792571279,0.25391134289439377,0.7646474677259185,64
1,High-Value Frequent Shoppers,BERRIES,25278.43,9826.75,6677,3312,826,1007,0.3887405190907821,0.496031151714842,0.82025819265144,65
1,High-Value Frequent Shoppers,GREETING CARDS/WRAP/PARTY SPLY,25120.51,391.23,5665,253,856,1007,0.015574126480712375,0.04466019417475728,0.8500496524329693,66
1,High-Value Frequent Shoppers,MAGAZINE,24861.329999999998,35.16,5475,16,668,1007,0.0014142445315676996,0.0029223744292237444,0.663356504468719,67
1,High-Value Frequent Shoppers,FUEL,24850.66,105.6,1468,3,229,1007,0.004249384120985116,0.0020435967302452314,0.22740814299900694,68
1,High-Value Frequent Shoppers,CAT FOOD,24696.68,14335.2,4751,3141,424,1007,0.5804504897014497,0.6611239739002315,0.42105263157894735,69
1,High-Value Frequent Shoppers,VEGETABLES - ALL OTHERS,24523.06,3069.98,11957,2213,927,1007,0.12518747660365387,0.18507986953249142,0.9205561072492552,70
1,High-Value Frequent Shoppers,PASTA SAUCE,24227.58,15544.43,8375,5477,922,1007,0.6416006055908183,0.6539701492537313,0.9155908639523337,71
1,High-Value Frequent Shoppers,GRAPES,23627.57,7946.26,7007,3320,894,1007,0.336313044464581,0.47381190238333093,0.887785501489573,72
1,High-Value Frequent Shoppers,HOT DOGS,23359.0,13184.36,7613,4976,894,1007,0.5644231345519928,0.6536188099303822,0.887785501489573,73
1,High-Value Frequent Shoppers,PAPER TOWELS,23333.34,14612.6,7748,4205,863,1007,0.626254106784541,0.5427207021166752,0.8570009930486594,74
1,High-Value Frequent Shoppers,BAKING MIXES,22566.9,11472.26,8191,4435,916,1007,0.5083666786310924,0.5414479306555976,0.9096325719960278,75
1,High-Value Frequent Shoppers,PNT BTR/JELLY/JAMS,22332.89,12283.51,7272,4757,942,1007,0.5500188287319734,0.6541529152915292,0.9354518371400199,76
1,High-Value Frequent Shoppers,CHICKEN/POULTRY,22170.62,13731.26,4220,2761,650,1007,0.619344880747584,0.6542654028436019,0.6454816285998014,77
1,High-Value Frequent Shoppers,BAKING NEEDS,22112.45,10756.7,7713,4006,933,1007,0.4864544634357568,0.5193828601063141,0.9265143992055611,78
1,High-Value Frequent Shoppers,SALAD BAR,21458.41,2445.43,6123,1013,634,1007,0.11396137924478095,0.16544177690674505,0.6295928500496525,79
1,High-Value Frequent Shoppers,CANDY - CHECKLANE,20969.63,9339.53,17401,9526,983,1007,0.44538363337836673,0.547439802310212,0.9761668321747765,80
1,High-Value Frequent Shoppers,SPICES & EXTRACTS,20272.13,9641.21,6774,3597,970,1007,0.47558939292516367,0.5310008857395926,0.9632571996027806,81
1,High-Value Frequent Shoppers,SHORTENING/OIL,20015.73,11434.95,5858,3559,941,1007,0.5712981739861599,0.6075452372823489,0.9344587884806356,82
1,High-Value Frequent Shoppers,REFRIGERATED,19950.0,7092.41,3967,1867,418,1007,0.3555092731829574,0.4706327199395009,0.41509433962264153,83
1,High-Value Frequent Shoppers,COLD AND FLU,19873.28,6661.24,3763,1501,836,1007,0.3351857368285457,0.39888386925325536,0.8301886792452831,84
1,High-Value Frequent Shoppers,HEAT/SERVE,19648.96,8505.05,3758,1796,683,1007,0.43284988111330064,0.47791378392762107,0.6782522343594836,85
1,High-Value Frequent Shoppers,SUGARS/SWEETNERS,19560.3,7492.8,7349,2920,943,1007,0.3830616094845171,0.3973329704721731,0.9364448857994042,86
1,High-Value Frequent Shoppers,ANALGESICS,19288.55,6180.32,3233,1262,762,1007,0.32041392432297916,0.39034952056913086,0.7567030784508441,87
1,High-Value Frequent Shoppers,ISOTONIC DRINKS,18682.45,11570.61,4028,2462,644,1007,0.6193304411359324,0.6112214498510427,0.6395233366434955,88
1,High-Value Frequent Shoppers,SMOKED MEATS,18556.61,9888.97,2685,1018,650,1007,0.5329082197664335,0.3791433891992551,0.6454816285998014,89
1,High-Value Frequent Shoppers,SEAFOOD-FRESH,18505.74,7248.0,2750,1311,509,1007,0.3916622626277036,0.4767272727272727,0.5054617676266137,90
1,High-Value Frequent Shoppers,PAPER HOUSEWARES,18390.57,11017.76,5673,3607,850,1007,0.5990983422482283,0.6358187907632646,0.8440913604766633,91
1,High-Value Frequent Shoppers,MAKEUP AND TREATMENT,18213.13,7094.11,3034,1408,650,1007,0.38950526351044545,0.46407382992748847,0.6454816285998014,92
1,High-Value Frequent Shoppers,CITRUS,17960.36,3063.84,7423,1131,855,1007,0.17058900823814221,0.15236427320490367,0.8490566037735849,93
1,High-Value Frequent Shoppers,SEAFOOD - SHELF STABLE,17620.6,9546.47,5638,3179,828,1007,0.5417789405582103,0.563852429939695,0.8222442899702085,94
1,High-Value Frequent Shoppers,FRZN BREAKFAST FOODS,17619.39,12952.38,5222,4189,758,1007,0.7351207958958851,0.802183071620069,0.7527308838133069,95
1,High-Value Frequent Shoppers,IMPORTED WINE,17502.21,151.06,1390,12,228,1007,0.008630910039360744,0.008633093525179856,0.22641509433962265,96
1,High-Value Frequent Shoppers,ONIONS,17494.89,1201.52,11426,961,941,1007,0.06867833978950424,0.08410642394538771,0.9344587884806356,97
1,High-Value Frequent Shoppers,LIQUOR,17172.62,358.66,1611,99,424,1007,0.020885572498547108,0.061452513966480445,0.42105263157894735,98
1,High-Value Frequent Shoppers,MISC. DAIRY,16934.5,9709.710000000001,5394,2965,840,1007,0.5733685671262807,0.5496848350018539,0.8341608738828202,99
1,High-Value Frequent Shoppers,DRY NOODLES/PASTA,16859.54,12245.79,10170,7532,973,1007,0.7263418812138409,0.7406096361848574,0.9662363455809335,100
1,High-Value Frequent Shoppers,BABY FOODS,16713.92,3131.15,3080,869,323,1007,0.18733785970017808,0.28214285714285714,0.32075471698113206,101
1,High-Value Frequent Shoppers,SHAVING CARE PRODUCTS,16650.98,4585.42,2382,940,621,1007,0.2753843917895523,0.39462636439966414,0.6166832174776564,102
1,High-Value Frequent Shoppers,PREPAID WIRELESS&ACCESSORIES,16537.93,2539.57,823,43,185,1007,0.1535603307064427,0.05224787363304982,0.18371400198609733,103
1,High-Value Frequent Shoppers,SALADS/DIPS,16497.9,5533.9800000000005,4089,1531,763,1007,0.33543541905333407,0.3744191733920274,0.7576961271102284,104
1,High-Value Frequent Shoppers,MARGARINES,16275.17,5555.71,9539,3907,931,1007,0.34136110406220027,0.409581717161128,0.9245283018867925,105
1,High-Value Frequent Shoppers,HAND/BODY/FACIAL PRODUCTS,16005.84,5913.4,2159,861,577,1007,0.36945264978282927,0.3987957387679481,0.5729890764647467,106
1,High-Value Frequent Shoppers,SOAP - LIQUID & BAR,15971.14,7364.28,4336,2251,823,1007,0.4610992076958815,0.5191420664206642,0.817279046673287,107
1,High-Value Frequent Shoppers,PREPARED FOOD,15919.05,5527.22,3451,968,568,1007,0.34720790499433074,0.28049840625905537,0.564051638530288,108
1,High-Value Frequent Shoppers,FRZN POTATOES,15701.05,11679.33,6004,4706,805,1007,0.743856621054006,0.7838107928047968,0.7994041708043694,109
1,High-Value Frequent Shoppers,LAUNDRY ADDITIVES,15529.12,7726.33,3424,1975,714,1007,0.49753817344447077,0.5768107476635514,0.7090367428003972,110
1,High-Value Frequent Shoppers,FEMININE HYGIENE,15512.28,5234.03,3319,1309,704,1007,0.33741203743099013,0.39439590238023503,0.6991062562065541,111
1,High-Value Frequent Shoppers,FROZEN PIE/DESSERTS,14851.4,10600.47,4645,3668,833,1007,0.7137690722760144,0.7896663078579117,0.8272095332671301,112
1,High-Value Frequent Shoppers,DISHWASH DETERGENTS,14737.51,7278.31,4822,2372,848,1007,0.4938629388546641,0.49191206968063045,0.8421052631578947,113
1,High-Value Frequent Shoppers,FLORAL-FRESH CUT,14733.86,698.59,1674,126,508,1007,0.047413915973139424,0.07526881720430108,0.5044687189672294,114
1,High-Value Frequent Shoppers,VITAMINS,14580.1,6323.05,1497,693,473,1007,0.4336767237536094,0.46292585170340683,0.46971201588877853,115
1,High-Value Frequent Shoppers,FACIAL TISS/DNR NAPKIN,14464.28,9159.64,5251,3471,769,1007,0.6332593119049132,0.6610169491525424,0.7636544190665343,116
1,High-Value Frequent Shoppers,TURKEY,14398.06,8402.03,1953,905,554,1007,0.5835529231021402,0.463389656938044,0.5501489572989077,117
1,High-Value Frequent Shoppers,STATIONERY & SCHOOL SUPPLIES,14202.47,2480.22,3581,931,771,1007,0.17463300397747716,0.2599832449036582,0.7656405163853028,118
1,High-Value Frequent Shoppers,FROZEN BREAD/DOUGH,13786.21,11901.85,5198,4557,808,1007,0.8633155885482668,0.8766833397460562,0.8023833167825224,119
1,High-Value Frequent Shoppers,BREAKFAST SWEETS,13648.63,3903.14,5790,1892,819,1007,0.2859730243987858,0.32677029360967186,0.8133068520357497,120
1,High-Value Frequent Shoppers,BREAD,13388.84,2729.12,5909,1685,730,1007,0.20383543309203783,0.28515823320358774,0.7249255213505462,121
1,High-Value Frequent Shoppers,VALUE ADDED FRUIT,13387.02,754.69,4136,283,704,1007,0.05637475704077532,0.06842359767891683,0.6991062562065541,122
1,High-Value Frequent Shoppers,SNACK NUTS,13113.68,8465.42,3513,2158,704,1007,0.6455411448197608,0.614289780814119,0.6991062562065541,123
1,High-Value Frequent Shoppers,AIR CARE,13049.13,6448.69,2818,1708,675,1007,0.49418543611719706,0.6061036195883606,0.6703078450844091,124
1,High-Value Frequent Shoppers,BUTTER,13034.63,5271.49,3847,1676,553,1007,0.4044219130117234,0.43566415388614504,0.5491559086395233,125
1,High-Value Frequent Shoppers,ORGANICS FRUIT & VEGETABLES,12934.4,2760.2400000000002,3888,1008,680,1007,0.21340301830776845,0.25925925925925924,0.6752730883813307,126
1,High-Value Frequent Shoppers,CAT LITTER,12816.62,9561.34,2278,1669,336,1007,0.7460110387918187,0.7326602282704127,0.3336643495531281,127
1,High-Value Frequent Shoppers,BEANS - CANNED GLASS & MW,12538.67,4835.38,6746,3096,876,1007,0.3856373921636027,0.4589386302994367,0.8699106256206555,128
1,High-Value Frequent Shoppers,DIETARY AID PRODUCTS,12457.89,4282.71,1432,528,319,1007,0.3437749089131466,0.3687150837988827,0.31678252234359483,129
1,High-Value Frequent Shoppers,BABY HBC,12437.42,4174.9800000000005,3128,1191,602,1007,0.3356789430605383,0.3807544757033248,0.5978152929493545,130
1,High-Value Frequent Shoppers,HOT CEREAL,11935.69,2998.91,3930,1162,773,1007,0.2512556877733922,0.2956743002544529,0.7676266137040715,131
1,High-Value Frequent Shoppers,STONE FRUIT,11935.69,5549.01,3902,2035,721,1007,0.46490902494954206,0.5215274218349565,0.7159880834160874,132
1,High-Value Frequent Shoppers,CARROTS,11739.56,2745.94,6157,1732,850,1007,0.23390484822259097,0.2813058307617346,0.8440913604766633,133
1,High-Value Frequent Shoppers,PEPPERS-ALL,11560.52,816.66,5878,553,794,1007,0.0706421510451087,0.09407961891799932,0.788480635551142,134
1,High-Value Frequent Shoppers,WAREHOUSE SNACKS,11544.63,6114.57,4783,2938,825,1007,0.5296462511141544,0.614258833368179,0.8192651439920556,135
1,High-Value Frequent Shoppers,PWDR/CRYSTL DRNK MX,11434.98,7041.7300000000005,3754,1900,680,1007,0.6158060617508733,0.5061267980820459,0.6752730883813307,136
1,High-Value Frequent Shoppers,PICKLE/RELISH/PKLD VEG,11375.15,6381.15,4520,2844,832,1007,0.5609728223364088,0.6292035398230088,0.8262164846077458,137
1,High-Value Frequent Shoppers,PROCESSED,11255.9,3384.58,3429,1218,729,1007,0.30069385833207474,0.3552055993000875,0.7239324726911619,138
1,High-Value Frequent Shoppers,DEODORANTS,11245.16,4840.88,3000,1390,729,1007,0.4304856489369649,0.4633333333333333,0.7239324726911619,139
1,High-Value Frequent Shoppers,BOOKSTORE,11198.66,153.67000000000002,1068,15,399,1007,0.013722177474805024,0.014044943820224719,0.39622641509433965,140
1,High-Value Frequent Shoppers,SPRING/SUMMER SEASONAL,10399.48,3318.15,1381,337,608,1007,0.31906883805728753,0.2440260680666184,0.6037735849056604,141
1,High-Value Frequent Shoppers,VEGETABLES SALAD,10380.13,128.02,7725,127,834,1007,0.01233317887155556,0.01644012944983819,0.8282025819265144,142
1,High-Value Frequent Shoppers,COOKIES,10278.51,5159.6,2566,1770,703,1007,0.5019793724965973,0.6897895557287607,0.6981132075471698,143
1,High-Value Frequent Shoppers,MELONS,10127.16,3832.57,3089,1577,657,1007,0.37844469723002305,0.5105212042732276,0.6524329692154915,144
1,High-Value Frequent Shoppers,BATTERIES,10053.51,3993.66,1694,726,627,1007,0.3972403667972678,0.42857142857142855,0.6226415094339622,145
1,High-Value Frequent Shoppers,AUDIO/VIDEO PRODUCTS,9879.1,1567.77,644,89,333,1007,0.15869563016874005,0.13819875776397517,0.33068520357497516,146
1,High-Value Frequent Shoppers,PET CARE SUPPLIES,9782.94,1544.06,1905,393,480,1007,0.15783189920412471,0.2062992125984252,0.4766633565044687,147
1,High-Value Frequent Shoppers,MOLASSES/SYRUP/PANCAKE MIXS,9764.46,7156.92,3272,2534,795,1007,0.7329560467245502,0.7744498777506112,0.7894736842105263,148
1,High-Value Frequent Shoppers,POPCORN,9516.41,4815.32,2959,1775,713,1007,0.5060017380503782,0.5998648191956742,0.7080436941410129,149
1,High-Value Frequent Shoppers,DRY SAUCES/GRAVY,9242.76,4344.86,4788,2461,767,1007,0.4700825294608969,0.5139933166248956,0.7616683217477657,150
1,High-Value Frequent Shoppers,FIRST AID PRODUCTS,9038.62,1056.23,2003,291,665,1007,0.11685744062699836,0.14528207688467298,0.660377358490566,151
1,High-Value Frequent Shoppers,MUSHROOMS,9007.14,1042.32,3647,580,526,1007,0.11572152758811342,0.15903482314230874,0.522343594836147,152
1,High-Value Frequent Shoppers,SINUS AND ALLERGY,8934.44,2565.68,1249,373,461,1007,0.2871674106043579,0.2986389111289031,0.45779543197616684,153
1,High-Value Frequent Shoppers,FROZEN,8843.74,2414.6,1231,508,200,1007,0.2730292839907098,0.41267262388302195,0.19860973187686196,154
1,High-Value Frequent Shoppers,NO COMMODITY DESCRIPTION,8695.79,305.36,1726,107,586,1007,0.03511584341388189,0.06199304750869061,0.5819265143992055,155
1,High-Value Frequent Shoppers,ANTACIDS,8670.57,2678.95,1285,478,459,1007,0.30897045984289384,0.3719844357976654,0.4558093346573982,156
1,High-Value Frequent Shoppers,PIES,8440.63,5210.86,1859,1091,511,1007,0.6173543917930296,0.5868746637977407,0.5074478649453823,157
1,High-Value Frequent Shoppers,CHRISTMAS  SEASONAL,8438.41,2713.72,1455,522,569,1007,0.3215913898471394,0.35876288659793815,0.5650446871896723,158
1,High-Value Frequent Shoppers,CHARCOAL AND LIGHTER FLUID,8430.1,2269.88,1428,368,444,1007,0.269258964899586,0.25770308123249297,0.44091360476663355,159
1,High-Value Frequent Shoppers,TEAS,8292.74,3766.14,2500,1286,637,1007,0.45414905085653234,0.5144,0.6325719960278053,160
1,High-Value Frequent Shoppers,ELECTRICAL SUPPPLIES,8221.94,1306.1,2014,538,650,1007,0.15885545260607592,0.2671300893743793,0.6454816285998014,161
1,High-Value Frequent Shoppers,TOYS AND GAMES,8192.99,1521.69,1418,336,481,1007,0.18573072834215593,0.23695345557122707,0.47765640516385305,162
1,High-Value Frequent Shoppers,DRY MIX DESSERTS,8105.51,4834.54,3881,2445,805,1007,0.5964510561334203,0.6299922700334966,0.7994041708043694,163
1,High-Value Frequent Shoppers,BROOMS AND MOPS,7702.25,934.89,2285,399,665,1007,0.12137881787789283,0.17461706783369804,0.660377358490566,164
1,High-Value Frequent Shoppers,BROCCOLI/CAULIFLOWER,7562.72,1889.0,3407,1103,583,1007,0.24977785770199082,0.3237452304079836,0.5789473684210527,165
1,High-Value Frequent Shoppers,ROLLS,7535.64,1969.79,3680,1028,693,1007,0.26139651044901296,0.2793478260869565,0.6881827209533267,166
1,High-Value Frequent Shoppers,LAXATIVES,7305.86,1018.35,1130,178,339,1007,0.13938810762867068,0.15752212389380532,0.33664349553128103,167
1,High-Value Frequent Shoppers,BLEACH,7219.82,2635.51,2623,1203,692,1007,0.36503818654758713,0.4586351505909264,0.6871896722939425,168
1,High-Value Frequent Shoppers,COCOA MIXES,7169.04,3658.18,2806,1647,703,1007,0.5102747369243301,0.5869565217391305,0.6981132075471698,169
1,High-Value Frequent Shoppers,FITNESS&DIET,7005.89,3927.7,1266,819,229,1007,0.5606282713545316,0.6469194312796208,0.22740814299900694,170
1,High-Value Frequent Shoppers,DRIED FRUIT,6974.7300000000005,2386.05,2227,879,538,1007,0.34209926405753344,0.39470139200718457,0.5342601787487586,171
1,High-Value Frequent Shoppers,MISC WINE,6583.72,14.46,886,3,370,1007,0.0021963266967611017,0.003386004514672686,0.36742800397219466,172
1,High-Value Frequent Shoppers,NUTS,6559.77,945.28,1365,313,416,1007,0.14410261335382185,0.2293040293040293,0.4131082423038729,173
1,High-Value Frequent Shoppers,TICKETS,6480.63,0.0,533,0,224,1007,0.0,0.0,0.2224428997020854,174
1,High-Value Frequent Shoppers,IN-STORE PHOTOFINISHING,6415.97,132.66,579,12,222,1007,0.020676530594750286,0.02072538860103627,0.22045680238331677,175
1,High-Value Frequent Shoppers,PLASTIC HOUSEWARES,6167.33,1503.45,1583,466,626,1007,0.243776480259691,0.2943777637397347,0.6216484607745779,176
1,High-Value Frequent Shoppers,GARDEN CENTER,5901.5,670.52,400,48,194,1007,0.11361857154960603,0.12,0.1926514399205561,177
1,High-Value Frequent Shoppers,VALUE ADDED VEGETABLES,5861.97,1273.44,1626,487,439,1007,0.21723754983392954,0.2995079950799508,0.435948361469712,178
1,High-Value Frequent Shoppers,EYE AND EAR CARE PRODUCTS,5686.54,583.87,828,98,330,1007,0.10267579230955906,0.11835748792270531,0.32770605759682225,179
1,High-Value Frequent Shoppers,CEREAL/BREAKFAST,5515.06,2278.87,1137,587,214,1007,0.41320855983434446,0.5162708883025505,0.21251241310824232,180
1,High-Value Frequent Shoppers,FILM AND CAMERA PRODUCTS,5225.58,2252.23,713,351,363,1007,0.4310009606589125,0.49228611500701264,0.36047666335650447,181
1,High-Value Frequent Shoppers,ROSES,5211.6,879.62,358,65,203,1007,0.16878118044362575,0.18156424581005587,0.2015888778550149,182
1,High-Value Frequent Shoppers,KITCHEN GADGETS,5137.16,676.66,1346,257,611,1007,0.13171869281860016,0.19093610698365526,0.6067527308838133,183
1,High-Value Frequent Shoppers,COOKWARE & BAKEWARE,4969.18,951.32,729,162,421,1007,0.19144406119319485,0.2222222222222222,0.41807348560079444,184
1,High-Value Frequent Shoppers,FRZN ICE,4807.39,0.0,1701,0,500,1007,0.0,0.0,0.49652432969215493,185
1,High-Value Frequent Shoppers,NEWSPAPER,4621.54,148.18,3676,145,505,1007,0.03206290543844693,0.03944504896626768,0.5014895729890765,186
1,High-Value Frequent Shoppers,CANDLES/ACCESSORIES,4607.88,831.52,890,183,396,1007,0.18045608826618748,0.20561797752808988,0.3932472691161867,187
1,High-Value Frequent Shoppers,PARTY TRAYS,4493.24,763.53,282,62,162,1007,0.16992860385824038,0.2198581560283688,0.1608738828202582,188
1,High-Value Frequent Shoppers,CHIPS&SNACKS,4401.71,1854.09,1279,614,290,1007,0.42122038934868494,0.4800625488663018,0.28798411122144985,189
1,High-Value Frequent Shoppers,OLIVES,4400.03,1967.4,1971,1028,493,1007,0.44713331500012504,0.5215626585489599,0.48957298907646474,190
1,High-Value Frequent Shoppers,INFANT CARE PRODUCTS,4384.07,731.38,793,191,274,1007,0.16682671581430042,0.2408575031525851,0.27209533267130087,191
1,High-Value Frequent Shoppers,FRZN FRUITS,4343.02,3543.48,830,688,261,1007,0.815902298400652,0.8289156626506025,0.25918570009930486,192
1,High-Value Frequent Shoppers,MISCELLANEOUS,4339.96,1255.36,1637,479,495,1007,0.28925612217624125,0.2926084300549786,0.4915590863952334,193
1,High-Value Frequent Shoppers,FLOUR & MEALS,4132.07,1011.95,2260,557,687,1007,0.2449014658512562,0.24646017699115044,0.6822244289970208,194
1,High-Value Frequent Shoppers,FROZEN - BOXED(GROCERY),4016.14,2375.36,632,420,305,1007,0.5914534851872694,0.6645569620253164,0.3028798411122145,195
1,High-Value Frequent Shoppers,FRZN JCE CONC/DRNKS,3964.5299999999997,3055.2,1364,1105,314,1007,0.7706335933893803,0.8101173020527859,0.3118172790466733,196
1,High-Value Frequent Shoppers,HARDWARE SUPPLIES,3954.19,308.19,897,71,436,1007,0.07794010909946159,0.07915273132664437,0.4329692154915591,197
1,High-Value Frequent Shoppers,SUSHI,3924.4700000000003,0.0,466,0,82,1007,0.0,0.0,0.0814299900695134,198
1,High-Value Frequent Shoppers,CORN,3752.35,1342.03,1971,833,544,1007,0.35765053899556276,0.4226281075596144,0.5402184707050646,199
1,High-Value Frequent Shoppers,SANDWICHES,3681.05,175.86,675,42,195,1007,0.04777441219217343,0.06222222222222222,0.1936444885799404,200
1,High-Value Frequent Shoppers,FLORAL-FLOWERING PLANTS,3639.59,145.12,353,22,226,1007,0.03987262301522974,0.06232294617563739,0.22442899702085403,201
1,High-Value Frequent Shoppers,BATH,3637.92,1010.04,828,280,386,1007,0.2776421691516031,0.33816425120772947,0.3833167825223436,202
1,High-Value Frequent Shoppers,SWEET GOODS & SNACKS,3517.16,744.8,1060,246,406,1007,0.21176176233097158,0.2320754716981132,0.4031777557100298,203
1,High-Value Frequent Shoppers,HERBS,3498.67,231.37,2429,90,489,1007,0.06613084400643673,0.03705228489090161,0.4856007944389275,204
1,High-Value Frequent Shoppers,HAIR CARE ACCESSORIES,3468.4700000000003,568.92,942,194,450,1007,0.16402621328712658,0.2059447983014862,0.4468718967229394,205
1,High-Value Frequent Shoppers,PEARS,3413.14,873.64,1511,498,380,1007,0.25596371669489093,0.32958305757776307,0.37735849056603776,206
1,High-Value Frequent Shoppers,COFFEE FILTERS,3306.22,542.61,1235,260,457,1007,0.1641179352856132,0.21052631578947367,0.4538232373386296,207
1,High-Value Frequent Shoppers,FAMILY PLANNING,3298.5,587.69,383,77,217,1007,0.17816886463544038,0.2010443864229765,0.21549155908639522,208
1,High-Value Frequent Shoppers,SNACKS,3244.15,1200.97,988,413,303,1007,0.3701955828183037,0.4180161943319838,0.30089374379344586,209
1,High-Value Frequent Shoppers,JUICE,3183.83,1167.43,733,330,204,1007,0.3666747282361182,0.45020463847203274,0.2025819265143992,210
1,High-Value Frequent Shoppers,HALLOWEEN,3067.12,1029.75,482,181,285,1007,0.3357384125824878,0.3755186721991701,0.2830188679245283,211
1,High-Value Frequent Shoppers,HOSIERY/SOCKS,2979.88,387.38,587,107,265,1007,0.12999852343047372,0.18228279386712096,0.2631578947368421,212
1,High-Value Frequent Shoppers,FROZEN CHICKEN,2943.52,2268.98,325,259,162,1007,0.7708389954883949,0.796923076923077,0.1608738828202582,213
1,High-Value Frequent Shoppers,SNKS/CKYS/CRKR/CNDY,2879.16,1038.74,728,343,209,1007,0.36077883827227386,0.47115384615384615,0.20754716981132076,214
1,High-Value Frequent Shoppers,APPAREL,2813.95,467.47,356,77,224,1007,0.16612590842054764,0.21629213483146068,0.2224428997020854,215
1,High-Value Frequent Shoppers,DOMESTIC GOODS,2808.69,633.56,564,158,335,1007,0.22557135176897414,0.2801418439716312,0.3326713008937438,216
1,High-Value Frequent Shoppers,ADULT INCONTINENCE,2800.21,1803.59,306,182,79,1007,0.6440909788908689,0.5947712418300654,0.07845084409136048,217
1,High-Value Frequent Shoppers,SQUASH,2782.2599999999998,199.79,1662,153,349,1007,0.0718085297563851,0.09205776173285199,0.34657398212512414,218
1,High-Value Frequent Shoppers,WATER,2776.4,1851.99,1105,642,287,1007,0.6670472554386976,0.5809954751131222,0.28500496524329694,219
1,High-Value Frequent Shoppers,FOOT CARE PRODUCTS,2750.62,497.24,378,71,211,1007,0.18077378918207532,0.18783068783068782,0.20953326713008938,220
1,High-Value Frequent Shoppers,AUTOMOTIVE PRODUCTS,2727.5,161.15,669,53,373,1007,0.059083409715857016,0.07922272047832586,0.37040714995034757,221
1,High-Value Frequent Shoppers,TOBACCO OTHER,2712.79,110.17,664,51,271,1007,0.0406113263466763,0.07680722891566265,0.26911618669314796,222
1,High-Value Frequent Shoppers,INSECTICIDES,2605.38,825.63,514,177,316,1007,0.3168942726205006,0.3443579766536965,0.3138033763654419,223
1,High-Value Frequent Shoppers,DISPOSIBLE FOILWARE,2603.91,726.74,732,239,385,1007,0.27909566766900545,0.32650273224043713,0.38232373386295926,224
1,High-Value Frequent Shoppers,IRONING AND CHEMICALS,2583.77,44.69,297,7,201,1007,0.017296431183890206,0.02356902356902357,0.19960278053624628,225
1,High-Value Frequent Shoppers,UNKNOWN,2580.54,190.69,775,72,351,1007,0.07389538623698916,0.09290322580645162,0.3485600794438927,226
1,High-Value Frequent Shoppers,RICE CAKES,2557.7400000000002,987.13,872,378,286,1007,0.3859383674650277,0.4334862385321101,0.2840119165839126,227
1,High-Value Frequent Shoppers,CANNED MILK,2485.42,1372.69,1233,655,440,1007,0.5522969960811452,0.5312246553122466,0.4369414101290963,228
1,High-Value Frequent Shoppers,J-HOOKS,2399.68,9.85,685,6,365,1007,0.004104713961861582,0.008759124087591242,0.3624627606752731,229
1,High-Value Frequent Shoppers,PREPARED/PKGD FOODS,2346.69,706.65,534,205,122,1007,0.30112626721041125,0.3838951310861423,0.1211519364448858,230
1,High-Value Frequent Shoppers,FLORAL-FOLIAGE PLANTS,2258.46,0.0,207,0,134,1007,0.0,0.0,0.13306852035749753,231
1,High-Value Frequent Shoppers,SMOKING CESSATIONS,2253.73,414.22,57,11,21,1007,0.18379308967800048,0.19298245614035087,0.020854021847070508,232
1,High-Value Frequent Shoppers,LAWN AND GARDEN SHOP,2157.64,500.69,216,66,132,1007,0.23205446691755807,0.3055555555555556,0.13108242303872888,233
1,High-Value Frequent Shoppers,SUNTAN,2128.93,1083.96,264,156,191,1007,0.5091571822464807,0.5909090909090909,0.18967229394240318,234
1,High-Value Frequent Shoppers,SYRUPS/TOPPINGS,1880.81,913.34,736,409,363,1007,0.48560992338407394,0.5557065217391305,0.36047666335650447,235
1,High-Value Frequent Shoppers,FALL AND WINTER SEASONAL,1802.27,151.8,226,19,165,1007,0.08422711358453507,0.084070796460177,0.16385302879841113,236
1,High-Value Frequent Shoppers,PERSONAL CARE APPLIANCES,1737.07,291.46,131,25,107,1007,0.16778828717322847,0.19083969465648856,0.10625620655412116,237
1,High-Value Frequent Shoppers,FRAGRANCES,1735.37,99.0,81,8,65,1007,0.05704835280084363,0.09876543209876543,0.06454816285998013,238
1,High-Value Frequent Shoppers,SEAFOOD - MISC,1705.09,402.79,821,255,359,1007,0.23622799969503078,0.3105968331303289,0.35650446871896724,239
1,High-Value Frequent Shoppers,OVERNIGHT PHOTOFINISHING,1606.68,218.65,128,3,70,1007,0.13608808225657879,0.0234375,0.06951340615690169,240
1,High-Value Frequent Shoppers,NON-DAIRY BEVERAGES,1605.13,657.92,378,177,73,1007,0.40988580364207255,0.46825396825396826,0.07249255213505462,241
1,High-Value Frequent Shoppers,VALENTINE,1585.34,476.19,335,158,228,1007,0.3003708983561886,0.4716417910447761,0.22641509433962265,242
1,High-Value Frequent Shoppers,EASTER,1541.96,262.48,452,107,288,1007,0.17022490855793926,0.23672566371681417,0.28599801390268126,243
1,High-Value Frequent Shoppers,FLORAL BALLOONS,1491.06,8.81,251,2,168,1007,0.0059085482810886224,0.00796812749003984,0.16683217477656406,244
1,High-Value Frequent Shoppers,PORTABLE ELECTRIC APPLIANCES,1466.7,420.46999999999997,98,33,88,1007,0.28667757550964745,0.336734693877551,0.08738828202581926,245
1,High-Value Frequent Shoppers,DELI SUPPLIES,1392.46,0.0,396,0,268,1007,0.0,0.0,0.26613704071499505,246
1,High-Value Frequent Shoppers,FLORAL- HARD GOODS,1386.8700000000001,40.7,178,5,116,1007,0.029346658302508526,0.028089887640449437,0.11519364448857994,247
1,High-Value Frequent Shoppers,HOME FURNISHINGS,1308.7,448.82000000000005,68,12,53,1007,0.34295102009627876,0.17647058823529413,0.05263157894736842,248
1,High-Value Frequent Shoppers,NEW AGE,1295.44,464.38,415,223,172,1007,0.35847279688754397,0.5373493975903615,0.1708043694141013,249
1,High-Value Frequent Shoppers,SEASONAL,1266.25,438.37,189,60,152,1007,0.34619545903257654,0.31746031746031744,0.1509433962264151,250
1,High-Value Frequent Shoppers,CONDIMENTS,1231.83,422.92,295,115,115,1007,0.3433265953905978,0.3898305084745763,0.11420059582919563,251
1,High-Value Frequent Shoppers,BAKING,1218.63,272.09,256,71,102,1007,0.2232753173645815,0.27734375,0.1012909632571996,252
1,High-Value Frequent Shoppers,SPORTS MEMORABLILIA,1206.34,160.03,135,24,103,1007,0.13265745975429813,0.17777777777777778,0.10228401191658391,253
1,High-Value Frequent Shoppers,COSMETIC ACCESSORIES,1123.84,45.410000000000004,152,8,109,1007,0.04040610763097951,0.05263157894736842,0.10824230387288977,254
1,High-Value Frequent Shoppers,PACKAGED NATURAL SNACKS,1078.39,31.8,297,14,142,1007,0.029488404009681096,0.04713804713804714,0.141012909632572,255
1,High-Value Frequent Shoppers,PROPANE,1074.53,0.0,44,0,33,1007,0.0,0.0,0.03277060575968222,256
1,High-Value Frequent Shoppers,EXOTIC GAME/FOWL,1023.38,541.23,145,77,93,1007,0.5288651331861088,0.5310344827586206,0.09235352532274081,257
1,High-Value Frequent Shoppers,FIREWORKS,961.39,6.27,117,1,91,1007,0.006521806966995704,0.008547008547008548,0.0903674280039722,258
1,High-Value Frequent Shoppers,GLASSES/VISION AIDS,951.88,0.0,100,0,72,1007,0.0,0.0,0.07149950347567031,259
1,High-Value Frequent Shoppers,DELI SPECIALTIES (RETAIL PK),933.87,245.34,313,74,179,1007,0.26271322560956023,0.2364217252396166,0.17775571002979146,260
1,High-Value Frequent Shoppers,BIRD SEED,909.19,375.36,211,113,73,1007,0.4128509992410827,0.5355450236966824,0.07249255213505462,261
1,High-Value Frequent Shoppers,GLASSWARE & DINNERWARE,900.0,427.55,136,51,112,1007,0.47505555555555556,0.375,0.1112214498510427,262
1,High-Value Frequent Shoppers,ETHNIC PERSONAL CARE,856.18,178.23000000000002,222,48,100,1007,0.20816884300030372,0.21621621621621623,0.09930486593843098,263
1,High-Value Frequent Shoppers,COUPONS/STORE & MFG,775.0600000000001,412.58,616,142,296,1007,0.5323200784455396,0.2305194805194805,0.2939424031777557,264
1,High-Value Frequent Shoppers,BEVERAGE,737.05,208.6,234,71,81,1007,0.2830201478868462,0.3034188034188034,0.0804369414101291,265
1,High-Value Frequent Shoppers,LAMB,706.24,29.03,81,6,40,1007,0.04110500679655641,0.07407407407407407,0.039721946375372394,266
1,High-Value Frequent Shoppers,BAKERY PARTY TRAYS,639.55,22.49,82,1,60,1007,0.035165350637166755,0.012195121951219513,0.05958291956305859,267
1,High-Value Frequent Shoppers,QUICK SERVICE,619.85,0.0,97,0,46,1007,0.0,0.0,0.04568023833167825,268
1,High-Value Frequent Shoppers,CONTINUITIES,606.52,17.419999999999998,120,9,88,1007,0.028721229308184396,0.075,0.08738828202581926,269
1,High-Value Frequent Shoppers,LONG DISTANCE CALLING CARDS,605.13,67.26,54,6,23,1007,0.11114967031877449,0.1111111111111111,0.022840119165839126,270
1,High-Value Frequent Shoppers,BABYFOOD,598.74,158.57,129,48,27,1007,0.2648394962755119,0.37209302325581395,0.026812313803376366,271
1,High-Value Frequent Shoppers,DRY TEA/COFFEE/COCO MIX,598.07,312.59000000000003,124,70,56,1007,0.5226645710368352,0.5645161290322581,0.05561072492552135,272
1,High-Value Frequent Shoppers,COFFEE SHOP,597.14,3.9,150,10,38,1007,0.006531131727903004,0.06666666666666667,0.03773584905660377,273
1,High-Value Frequent Shoppers,HOME FREEZING & CANNING SUPPLY,579.51,52.7,97,8,67,1007,0.09093889665406982,0.08247422680412371,0.06653426017874876,274
1,High-Value Frequent Shoppers,FLORAL-ACCESSORIES,516.45,1.95,63,1,47,1007,0.0037757769387162356,0.015873015873015872,0.04667328699106256,275
1,High-Value Frequent Shoppers,SHOE CARE,477.87,16.82,160,7,118,1007,0.03519785715780442,0.04375,0.11717974180734857,276
1,High-Value Frequent Shoppers,COFFEE SHOP SWEET GOODS&RETAIL,401.08,0.0,55,0,29,1007,0.0,0.0,0.028798411122144985,277
1,High-Value Frequent Shoppers,NON EDIBLE PRODUCTS,401.05,70.89,65,15,22,1007,0.17676100236878195,0.23076923076923078,0.021847070506454815,278
1,High-Value Frequent Shoppers,VEAL,397.81,0.0,74,0,45,1007,0.0,0.0,0.044687189672293945,279
1,High-Value Frequent Shoppers,SEWING,295.56,15.3,122,9,102,1007,0.051766138855054815,0.07377049180327869,0.1012909632571996,280
1,High-Value Frequent Shoppers,SERVICE BEVERAGE,285.65,13.600000000000001,222,14,68,1007,0.04761071241029233,0.06306306306306306,0.06752730883813307,281
1,High-Value Frequent Shoppers,COUPON,279.49,0.0,48,0,44,1007,0.0,0.0,0.04369414101290963,282
1,High-Value Frequent Shoppers,DOLLAR VALUE PRODUCTS,276.82,78.38,132,47,107,1007,0.28314428148255183,0.3560606060606061,0.10625620655412116,283
1,High-Value Frequent Shoppers,NATURAL VITAMINS,244.21,106.7,22,8,18,1007,0.43691904508414886,0.36363636363636365,0.01787487586891758,284
1,High-Value Frequent Shoppers,FRZN SEAFOOD,237.22000000000003,68.96000000000001,46,17,33,1007,0.2907006154624399,0.3695652173913043,0.03277060575968222,285
1,High-Value Frequent Shoppers,MEAT SUPPLIES,215.62,0.0,31,0,24,1007,0.0,0.0,0.023833167825223437,286
1,High-Value Frequent Shoppers,WATCHES/CALCULATORS/LOBBY,208.05,37.42,33,8,28,1007,0.17986061043018506,0.24242424242424243,0.027805362462760674,287
1,High-Value Frequent Shoppers,(CORP USE ONLY),197.18,0.0,43,0,37,1007,0.0,0.0,0.036742800397219465,288
1,High-Value Frequent Shoppers,GIFT & FRUIT BASKETS,194.37,0.0,12,0,11,1007,0.0,0.0,0.010923535253227408,289
1,High-Value Frequent Shoppers,CIGARS,185.76,0.0,66,0,45,1007,0.0,0.0,0.044687189672293945,290
1,High-Value Frequent Shoppers,NATURAL HBC,115.16,8.97,25,3,20,1007,0.07789162903786037,0.12,0.019860973187686197,291
1,High-Value Frequent Shoppers,HOME HEALTH CARE,99.49,0.0,7,0,6,1007,0.0,0.0,0.005958291956305859,292
1,High-Value Frequent Shoppers,PHARMACY,98.52,0.0,8,0,8,1007,0.0,0.0,0.007944389275074478,293
1,High-Value Frequent Shoppers,RESTRICTED DIET,91.78999999999999,27.130000000000003,26,7,18,1007,0.2955659657914806,0.2692307692307692,0.01787487586891758,294
1,High-Value Frequent Shoppers,PROD SUPPLIES,87.57000000000001,0.0,20,0,14,1007,0.0,0.0,0.013902681231380337,295
1,High-Value Frequent Shoppers,MISCELLANEOUS HBC,63.480000000000004,0.0,21,0,16,1007,0.0,0.0,0.015888778550148957,296
1,High-Value Frequent Shoppers,BOUQUET (NON ROSE),56.93,0.0,7,0,7,1007,0.0,0.0,0.006951340615690168,297
1,High-Value Frequent Shoppers,RW FRESH PROCESSED MEAT,38.45,5.2,18,2,11,1007,0.1352405721716515,0.1111111111111111,0.010923535253227408,298
1,High-Value Frequent Shoppers,BULK FOODS,36.43,0.0,7,0,6,1007,0.0,0.0,0.005958291956305859,299
1,High-Value Frequent Shoppers,PKG.SEAFOOD MISC,24.43,0.0,5,0,1,1007,0.0,0.0,0.0009930486593843098,300
1,High-Value Frequent Shoppers,BOTTLE DEPOSITS,12.8,0.0,12,0,7,1007,0.0,0.0,0.006951340615690168,301
1,High-Value Frequent Shoppers,NDAIRY/TEAS/JUICE/SOD,11.780000000000001,0.0,2,0,2,1007,0.0,0.0,0.0019860973187686196,302
1,High-Value Frequent Shoppers,TOYS,8.85,3.18,4,1,3,1007,0.35932203389830514,0.25,0.0029791459781529296,303
1,High-Value Frequent Shoppers,MISCELLANEOUS CROUTONS,6.39,0.0,1,0,1,1007,0.0,0.0,0.0009930486593843098,304
2,Large-Basket Occasional Shoppers,BEEF,76776.1,37784.22,8472,4463,831,902,0.4921351826935726,0.5267941454202077,0.9212860310421286,1
2,Large-Basket Occasional Shoppers,COUPON/MISC ITEMS,75358.19,68683.55,3626,2721,682,902,0.9114278089747113,0.7504136789851076,0.7560975609756098,2
2,Large-Basket Occasional Shoppers,SOFT DRINKS,69981.32,47967.35,13212,9208,884,902,0.6854307692395627,0.6969421737814109,0.9800443458980045,3
2,Large-Basket Occasional Shoppers,CHEESE,46384.95,34463.77,10891,9087,877,902,0.7429946566720456,0.834358644752548,0.9722838137472284,4
2,Large-Basket Occasional Shoppers,FLUID MILK PRODUCTS,43742.49,18670.47,15071,7260,889,902,0.4268268678806351,0.4817198593324929,0.9855875831485588,5
2,Large-Basket Occasional Shoppers,FRZN MEAT/MEAT DINNERS,41580.54,30082.82,5304,4028,769,902,0.7234831486074976,0.7594268476621417,0.852549889135255,6
2,Large-Basket Occasional Shoppers,FROZEN PIZZA,37126.18,24911.81,5346,3942,756,902,0.6710038576551641,0.7373737373737373,0.8381374722838137,7
2,Large-Basket Occasional Shoppers,BAKED BREAD/BUNS/ROLLS,34084.35,21876.84,13765,10485,887,902,0.6418441308107681,0.7617144932800581,0.983370288248337,8
2,Large-Basket Occasional Shoppers,BAG SNACKS,34036.07,18071.61,8876,5546,871,902,0.5309546607466726,0.6248310049571879,0.9656319290465631,9
2,Large-Basket Occasional Shoppers,BEERS/ALES,27955.54,388.63,2575,34,540,902,0.013901716797457676,0.01320388349514563,0.5986696230598669,10
2,Large-Basket Occasional Shoppers,COLD CEREAL,26703.49,16299.55,5910,4154,820,902,0.610390252360272,0.7028764805414551,0.9090909090909091,11
2,Large-Basket Occasional Shoppers,LUNCHMEAT,24204.96,12014.94,5701,3209,793,902,0.496383385884546,0.5628837046132258,0.8791574279379157,12
2,Large-Basket Occasional Shoppers,PORK,23538.13,14862.06,3067,2036,623,902,0.6314035991814133,0.6638408868601239,0.6906873614190687,13
2,Large-Basket Occasional Shoppers,DELI MEATS,23394.21,11833.18,3798,2205,637,902,0.5058166101783305,0.580568720379147,0.7062084257206208,14
2,Large-Basket Occasional Shoppers,CHICKEN,22326.87,15527.6,3501,2563,704,902,0.6954669418507834,0.7320765495572693,0.7804878048780488,15
2,Large-Basket Occasional Shoppers,SOUP,21705.93,8230.23,5448,2635,830,902,0.37916965548124404,0.48366372980910427,0.9201773835920177,16
2,Large-Basket Occasional Shoppers,ICE CREAM/MILK/SHERBTS,18793.38,14835.99,4533,3689,779,902,0.7894263831200135,0.8138098389587469,0.8636363636363636,17
2,Large-Basket Occasional Shoppers,MEAT - MISC,17955.0,13755.27,2226,1719,577,902,0.7660969089390143,0.7722371967654986,0.6396895787139689,18
2,Large-Basket Occasional Shoppers,REFRGRATD JUICES/DRNKS,17484.6,12726.94,6221,4449,773,902,0.7278942612356017,0.7151583346728821,0.8569844789356984,19
2,Large-Basket Occasional Shoppers,CANNED JUICES,16986.9,7817.06,4429,2263,759,902,0.4601816694040702,0.5109505531722737,0.8414634146341463,20
2,Large-Basket Occasional Shoppers,CRACKERS/MISC BKD FD,16482.31,9435.42,5582,3765,833,902,0.5724573800638381,0.6744894303117163,0.9235033259423503,21
2,Large-Basket Occasional Shoppers,CANDY - PACKAGED,16172.37,6044.65,4061,1906,790,902,0.37376401850810975,0.46934252647131247,0.8758314855875832,22
2,Large-Basket Occasional Shoppers,YOGURT,14861.29,11028.84,4130,3066,644,902,0.7421186182356982,0.7423728813559322,0.7139689578713969,23
2,Large-Basket Occasional Shoppers,SEAFOOD - FROZEN,14560.14,10270.91,1833,1334,554,902,0.705412860041181,0.7277686852154938,0.614190687361419,24
2,Large-Basket Occasional Shoppers,VEGETABLES - SHELF STABLE,14193.88,8350.77,5123,3670,809,902,0.5883359588780517,0.7163771227796213,0.8968957871396895,25
2,Large-Basket Occasional Shoppers,MEAT - SHELF STABLE,14063.75,6926.05,3337,1845,685,902,0.4924753355257311,0.552891818999101,0.7594235033259423,26
2,Large-Basket Occasional Shoppers,DINNER MXS:DRY,13830.91,8237.4,3484,2292,686,902,0.5955790327606788,0.6578645235361653,0.7605321507760532,27
2,Large-Basket Occasional Shoppers,BAKED SWEET GOODS,13806.2,5263.43,4279,2068,687,902,0.38123669076212136,0.4832904884318766,0.761640798226164,28
2,Large-Basket Occasional Shoppers,COFFEE,13689.38,5972.71,2366,1161,536,902,0.43630244759076015,0.4907016060862215,0.5942350332594235,29
2,Large-Basket Occasional Shoppers,FROZEN MEAT,13605.710000000001,10025.26,2069,1617,555,902,0.7368421052631579,0.7815369743837602,0.61529933481153,30
2,Large-Basket Occasional Shoppers,CONVENIENT BRKFST/WHLSM SNACKS,13127.14,6317.86,3149,1698,626,902,0.481282289973292,0.5392187996189266,0.6940133037694013,31
2,Large-Basket Occasional Shoppers,CIGARETTES,13098.1,2182.67,1449,67,291,902,0.16664019972362404,0.04623878536922015,0.32261640798226165,32
2,Large-Basket Occasional Shoppers,BATH TISSUES,12978.460000000001,10075.46,2795,1902,673,902,0.7763216899385597,0.6805008944543828,0.746119733924612,33
2,Large-Basket Occasional Shoppers,COOKIES/CONES,12788.76,7172.46,3856,2401,747,902,0.5608409259380894,0.6226659751037344,0.8281596452328159,34
2,Large-Basket Occasional Shoppers,INFANT FORMULA,12214.85,10814.66,557,506,137,902,0.8853698571820365,0.9084380610412927,0.15188470066518847,35
2,Large-Basket Occasional Shoppers,SALD DRSNG/SNDWCH SPRD,12205.91,6102.91,4150,2346,800,902,0.49999631326136273,0.5653012048192771,0.8869179600886918,36
2,Large-Basket Occasional Shoppers,WATER - CARBONATED/FLVRD DRINK,12110.43,5604.86,3188,1328,658,902,0.462812633407732,0.41656210790464243,0.729490022172949,37
2,Large-Basket Occasional Shoppers,BREAKFAST SAUSAGE/SANDWICHES,11524.74,7341.09,2627,1846,617,902,0.6369853029222351,0.7027027027027027,0.6840354767184036,38
2,Large-Basket Occasional Shoppers,CHEESES,11352.25,4154.69,2523,1188,535,902,0.365979431390253,0.4708680142687277,0.5931263858093127,39
2,Large-Basket Occasional Shoppers,LAUNDRY DETERGENTS,11054.45,8492.16,1645,1180,576,902,0.768211896566541,0.7173252279635258,0.6385809312638581,40
2,Large-Basket Occasional Shoppers,DINNER SAUSAGE,11045.42,7580.38,2498,1879,632,902,0.6862916937517994,0.7522017614091273,0.7006651884700665,41
2,Large-Basket Occasional Shoppers,CONDIMENTS/SAUCES,10895.24,5520.65,4234,2505,810,902,0.5067029271498379,0.5916391119508739,0.8980044345898004,42
2,Large-Basket Occasional Shoppers,SALAD MIX,10887.4,4816.35,3714,1822,696,902,0.4423783456105223,0.4905761981690899,0.7716186252771619,43
2,Large-Basket Occasional Shoppers,HISPANIC,10865.81,3782.59,3178,1549,702,902,0.34811854799596165,0.487413467589679,0.7782705099778271,44
2,Large-Basket Occasional Shoppers,BACON,10737.26,6993.83,2522,1759,627,902,0.6513607754678568,0.69746233148295,0.6951219512195121,45
2,Large-Basket Occasional Shoppers,REFRGRATD DOUGH PRODUCTS,10428.08,6151.07,3201,2088,681,902,0.5898564261110386,0.6522961574507966,0.7549889135254989,46
2,Large-Basket Occasional Shoppers,FRUIT - SHELF STABLE,10423.56,6779.73,3170,2313,698,902,0.6504236556416426,0.7296529968454258,0.7738359201773836,47
2,Large-Basket Occasional Shoppers,FRZN VEGETABLE/VEG DSH,10418.63,8893.09,2847,2508,654,902,0.8535757580411245,0.880927291886196,0.7250554323725056,48
2,Large-Basket Occasional Shoppers,MILK BY-PRODUCTS,10209.72,6214.81,4627,3017,757,902,0.6087150284238941,0.6520423600605144,0.8392461197339246,49
2,Large-Basket Occasional Shoppers,DOG FOODS,9913.68,5309.51,1266,757,302,902,0.5355740754190169,0.5979462875197472,0.3348115299334812,50
2,Large-Basket Occasional Shoppers,POTATOES,9702.19,1404.34,3355,556,726,902,0.14474464012764127,0.16572280178837556,0.8048780487804879,51
2,Large-Basket Occasional Shoppers,EGGS,9643.57,3542.55,6733,2663,842,902,0.3673483989850232,0.39551462943710086,0.9334811529933481,52
2,Large-Basket Occasional Shoppers,DRY BN/VEG/POTATO/RICE,9631.59,3822.3,3190,1473,735,902,0.3968503642700738,0.4617554858934169,0.8148558758314856,53
2,Large-Basket Occasional Shoppers,DIAPERS & DISPOSABLES,9595.27,3951.0099999999998,731,298,176,902,0.41176642241437705,0.4076607387140903,0.1951219512195122,54
2,Large-Basket Occasional Shoppers,CAKES,9408.25,1628.0,990,244,453,902,0.17303961948290064,0.24646464646464647,0.5022172949002217,55
2,Large-Basket Occasional Shoppers,FRZN NOVELTIES/WTR ICE,9147.31,6013.22,2313,1641,601,902,0.6573757749546042,0.7094682230869002,0.6662971175166297,56
2,Large-Basket Occasional Shoppers,TROPICAL FRUIT,9012.5,1472.13,7381,1619,800,902,0.16334313453536756,0.21934697195501965,0.8869179600886918,57
2,Large-Basket Occasional Shoppers,TOMATOES,8995.34,1422.61,3227,759,672,902,0.15814966415944254,0.23520297489928726,0.7450110864745011,58
2,Large-Basket Occasional Shoppers,FD WRAPS/BAGS/TRSH BG,8984.01,5018.67,2300,1483,687,902,0.5586224859500379,0.6447826086956522,0.761640798226164,59
2,Large-Basket Occasional Shoppers,HOT DOGS,8861.82,5216.24,2751,1820,647,902,0.5886194935126193,0.6615776081424937,0.7172949002217295,60
2,Large-Basket Occasional Shoppers,APPLES,8783.35,1750.99,2992,740,664,902,0.1993533219102051,0.24732620320855614,0.7361419068736141,61
2,Large-Basket Occasional Shoppers,GRAPES,8531.51,2944.23,2547,1193,637,902,0.3451006914368031,0.4683941892422458,0.7062084257206208,62
2,Large-Basket Occasional Shoppers,PASTA SAUCE,8509.28,5403.01,2878,1842,684,902,0.6349550138202057,0.6400277970813064,0.7583148558758315,63
2,Large-Basket Occasional Shoppers,HOUSEHOLD CLEANG NEEDS,8249.41,3473.49,1487,817,521,902,0.42105920302179184,0.5494283792871554,0.5776053215077606,64
2,Large-Basket Occasional Shoppers,DOMESTIC WINE,8232.34,39.45,567,3,202,902,0.004792076129022854,0.005291005291005291,0.22394678492239467,65
2,Large-Basket Occasional Shoppers,HAIR CARE PRODUCTS,8145.07,2663.04,1483,591,482,902,0.32695114959110233,0.3985165205664194,0.5343680709534369,66
2,Large-Basket Occasional Shoppers,PNT BTR/JELLY/JAMS,8097.48,4261.85,2528,1617,708,902,0.5263180643854632,0.6396360759493671,0.7849223946784922,67
2,Large-Basket Occasional Shoppers,BERRIES,7551.58,3217.53,2078,1073,540,902,0.4260737488048859,0.516361886429259,0.5986696230598669,68
2,Large-Basket Occasional Shoppers,HEAT/SERVE,7343.43,3281.08,1280,673,418,902,0.44680483098497564,0.52578125,0.4634146341463415,69
2,Large-Basket Occasional Shoppers,ORAL HYGIENE PRODUCTS,7307.55,2480.72,1607,692,538,902,0.33947355816929065,0.43061605476042314,0.5964523281596452,70
2,Large-Basket Occasional Shoppers,BAKING MIXES,7298.61,3942.73,2616,1472,673,902,0.540202860544679,0.5626911314984709,0.746119733924612,71
2,Large-Basket Occasional Shoppers,CAT FOOD,7268.12,4239.12,1347,892,223,902,0.5832484879170955,0.6622123236822569,0.24722838137472283,72
2,Large-Basket Occasional Shoppers,SMOKED MEATS,7223.01,4183.32,1020,429,400,902,0.5791657494590204,0.42058823529411765,0.4434589800443459,73
2,Large-Basket Occasional Shoppers,BAKING NEEDS,6998.52,3299.55,2207,1119,641,902,0.4714639666672382,0.5070231082917989,0.7106430155210643,74
2,Large-Basket Occasional Shoppers,VEGETABLES - ALL OTHERS,6980.02,843.39,3498,618,673,902,0.12082916667860549,0.17667238421955403,0.746119733924612,75
2,Large-Basket Occasional Shoppers,CHICKEN/POULTRY,6895.64,3867.44,1075,680,371,902,0.5608529447592971,0.6325581395348837,0.4113082039911308,76
2,Large-Basket Occasional Shoppers,SALAD BAR,6819.03,1.74,1607,2,352,902,0.00025516825706882066,0.0012445550715619166,0.3902439024390244,77
2,Large-Basket Occasional Shoppers,SHORTENING/OIL,6811.46,3410.96,1987,1110,654,902,0.5007678236383977,0.5586311021640664,0.7250554323725056,78
2,Large-Basket Occasional Shoppers,SPICES & EXTRACTS,6685.05,3185.11,2233,1177,687,902,0.47645268173012917,0.5270935960591133,0.761640798226164,79
2,Large-Basket Occasional Shoppers,SALADS/DIPS,6561.4800000000005,2410.36,1564,592,473,902,0.3673500490742942,0.37851662404092073,0.524390243902439,80
2,Large-Basket Occasional Shoppers,SUGARS/SWEETNERS,6491.3,2455.25,2369,894,680,902,0.378237024941075,0.37737441958632334,0.753880266075388,81
2,Large-Basket Occasional Shoppers,MAGAZINE,6426.51,11.27,1428,4,392,902,0.0017536734557325826,0.0028011204481792717,0.43458980044345896,82
2,Large-Basket Occasional Shoppers,GREETING CARDS/WRAP/PARTY SPLY,6372.64,49.75,1438,54,529,902,0.007806811619674107,0.037552155771905425,0.5864745011086474,83
2,Large-Basket Occasional Shoppers,FRZN BREAKFAST FOODS,6351.72,4694.9,1795,1452,492,902,0.7391541188843336,0.8089136490250697,0.5454545454545454,84
2,Large-Basket Occasional Shoppers,SEAFOOD - SHELF STABLE,6320.12,3315.52,1909,1036,564,902,0.524597634222135,0.5426925091671032,0.6252771618625277,85
2,Large-Basket Occasional Shoppers,PAPER TOWELS,5979.27,3467.81,2011,1032,544,902,0.5799721370668994,0.5131775236200895,0.6031042128603105,86
2,Large-Basket Occasional Shoppers,MARGARINES,5715.47,2008.64,3298,1345,740,902,0.35143916423321264,0.40782292298362643,0.8203991130820399,87
2,Large-Basket Occasional Shoppers,TURKEY,5711.11,3884.45,687,378,327,902,0.6801567471122076,0.5502183406113537,0.3625277161862528,88
2,Large-Basket Occasional Shoppers,BABY FOODS,5659.96,813.45,863,203,179,902,0.14372009696181598,0.23522595596755505,0.1984478935698448,89
2,Large-Basket Occasional Shoppers,PAPER HOUSEWARES,5563.03,3384.52,1663,1079,561,902,0.6083950652791734,0.6488274203247144,0.6219512195121951,90
2,Large-Basket Occasional Shoppers,DRY NOODLES/PASTA,5531.0,4052.4900000000002,3239,2410,739,902,0.7326866751039596,0.7440568076566841,0.8192904656319291,91
2,Large-Basket Occasional Shoppers,ONIONS,5175.53,326.97,3374,268,704,902,0.06317613848243563,0.07943094250148192,0.7804878048780488,92
2,Large-Basket Occasional Shoppers,CITRUS,5159.21,910.53,2107,319,563,902,0.17648632251837004,0.1514000949216896,0.6241685144124168,93
2,Large-Basket Occasional Shoppers,FROZEN PIE/DESSERTS,5025.19,3605.9700000000003,1511,1194,509,902,0.7175788378150877,0.7902051621442753,0.5643015521064302,94
2,Large-Basket Occasional Shoppers,FRZN POTATOES,5008.81,3777.42,1742,1363,539,902,0.7541551785753502,0.7824339839265212,0.5975609756097561,95
2,Large-Basket Occasional Shoppers,MISC. DAIRY,4991.98,2862.33,1616,862,532,902,0.5733857106799306,0.5334158415841584,0.5898004434589801,96
2,Large-Basket Occasional Shoppers,CANDY - CHECKLANE,4983.83,2196.49,3737,1899,751,902,0.4407232991494493,0.5081616269735082,0.8325942350332595,97
2,Large-Basket Occasional Shoppers,SHAVING CARE PRODUCTS,4902.5,1393.16,695,266,303,902,0.2841733809280979,0.38273381294964026,0.33592017738359203,98
2,Large-Basket Occasional Shoppers,ISOTONIC DRINKS,4849.65,3254.81,985,651,359,902,0.6711432783809141,0.6609137055837564,0.39800443458980045,99
2,Large-Basket Occasional Shoppers,FROZEN BREAD/DOUGH,4835.9,4177.06,1699,1487,545,902,0.8637606236688105,0.8752207180694527,0.6042128603104213,100
2,Large-Basket Occasional Shoppers,ANALGESICS,4804.09,1369.9,750,270,388,902,0.2851528593344421,0.36,0.43015521064301554,101
2,Large-Basket Occasional Shoppers,BEANS - CANNED GLASS & MW,4708.46,1624.3,2316,988,642,902,0.3449747900587453,0.4265975820379965,0.7117516629711752,102
2,Large-Basket Occasional Shoppers,SOAP - LIQUID & BAR,4585.34,2056.9,1197,607,458,902,0.44858178455687037,0.5071010860484545,0.5077605321507761,103
2,Large-Basket Occasional Shoppers,BREAKFAST SWEETS,4535.8,1336.14,1690,614,491,902,0.29457648044446405,0.3633136094674556,0.5443458980044346,104
2,Large-Basket Occasional Shoppers,SEAFOOD-FRESH,4524.7,2174.72,719,395,278,902,0.48063297014166684,0.5493741307371349,0.3082039911308204,105
2,Large-Basket Occasional Shoppers,VALUE ADDED FRUIT,4465.4,300.05,1367,89,440,902,0.06719442827070364,0.06510607168983175,0.4878048780487805,106
2,Large-Basket Occasional Shoppers,HOT CEREAL,4432.8,981.17,1380,358,510,902,0.22134316910304996,0.2594202898550725,0.565410199556541,107
2,Large-Basket Occasional Shoppers,PREPARED FOOD,4277.29,1095.02,859,117,276,902,0.25600789284804165,0.1362048894062864,0.30598669623059865,108
2,Large-Basket Occasional Shoppers,PWDR/CRYSTL DRNK MX,4235.32,2404.87,1279,594,443,902,0.5678130578090912,0.46442533229085226,0.4911308203991131,109
2,Large-Basket Occasional Shoppers,COLD AND FLU,4225.37,1293.04,801,304,389,902,0.30601817118974195,0.37952559300873906,0.4312638580931264,110
2,Large-Basket Occasional Shoppers,MAKEUP AND TREATMENT,4107.05,1687.06,693,317,316,902,0.41077172179544924,0.4574314574314574,0.35033259423503327,111
2,Large-Basket Occasional Shoppers,LAUNDRY ADDITIVES,4095.1,1912.02,877,480,388,902,0.46690434910014406,0.5473204104903079,0.43015521064301554,112
2,Large-Basket Occasional Shoppers,HAND/BODY/FACIAL PRODUCTS,4055.95,1368.02,547,205,250,902,0.3372871953549723,0.37477148080438755,0.2771618625277162,113
2,Large-Basket Occasional Shoppers,SPRING/SUMMER SEASONAL,4050.01,1230.41,424,120,276,902,0.3038041881378071,0.2830188679245283,0.30598669623059865,114
2,Large-Basket Occasional Shoppers,AIR CARE,3888.3,2008.23,818,486,344,902,0.5164802098603503,0.5941320293398533,0.38137472283813745,115
2,Large-Basket Occasional Shoppers,PEPPERS-ALL,3884.65,236.6,1934,168,524,902,0.06090638796287953,0.08686659772492245,0.5809312638580931,116
2,Large-Basket Occasional Shoppers,VITAMINS,3875.75,1638.75,363,150,191,902,0.42282138940850156,0.4132231404958678,0.21175166297117518,117
2,Large-Basket Occasional Shoppers,FACIAL TISS/DNR NAPKIN,3842.03,2139.91,1386,839,461,902,0.5569737872947373,0.6053391053391053,0.5110864745011087,118
2,Large-Basket Occasional Shoppers,REFRIGERATED,3717.1,1405.79,786,344,208,902,0.37819536735627235,0.43765903307888043,0.23059866962305986,119
2,Large-Basket Occasional Shoppers,STONE FRUIT,3714.2599999999998,1738.15,1251,660,429,902,0.46796670130793216,0.5275779376498801,0.47560975609756095,120
2,Large-Basket Occasional Shoppers,CAT LITTER,3638.31,2679.03,553,403,155,902,0.7363391244836202,0.72875226039783,0.17184035476718404,121
2,Large-Basket Occasional Shoppers,FLORAL-FRESH CUT,3629.31,130.55,389,22,213,902,0.03597102479534678,0.056555269922879174,0.2361419068736142,122
2,Large-Basket Occasional Shoppers,PROCESSED,3619.52,998.73,1063,364,425,902,0.27592885244452303,0.34242709313264347,0.47117516629711753,123
2,Large-Basket Occasional Shoppers,DEODORANTS,3599.68,1465.44,965,420,400,902,0.40710285358698556,0.43523316062176165,0.4434589800443459,124
2,Large-Basket Occasional Shoppers,PIES,3577.62,1897.69,724,376,273,902,0.5304336402412777,0.5193370165745856,0.3026607538802661,125
2,Large-Basket Occasional Shoppers,DISHWASH DETERGENTS,3575.87,1851.72,1169,596,500,902,0.5178376171393255,0.5098374679213002,0.5543237250554324,126
2,Large-Basket Occasional Shoppers,CARROTS,3572.59,753.07,1931,490,561,902,0.210791050750296,0.25375453133091663,0.6219512195121951,127
2,Large-Basket Occasional Shoppers,PICKLE/RELISH/PKLD VEG,3540.63,1981.12,1370,843,543,902,0.5595388391331486,0.6153284671532847,0.6019955654101996,128
2,Large-Basket Occasional Shoppers,SNACK NUTS,3482.94,1947.43,928,513,348,902,0.5591339500536903,0.552801724137931,0.3858093126385809,129
2,Large-Basket Occasional Shoppers,COOKIES,3362.4,1461.18,835,539,384,902,0.434564596716631,0.6455089820359281,0.42572062084257206,130
2,Large-Basket Occasional Shoppers,FEMININE HYGIENE,3352.39,1159.02,718,280,326,902,0.34572946465059257,0.38997214484679665,0.3614190687361419,131
2,Large-Basket Occasional Shoppers,BUTTER,3326.1,1491.51,941,457,337,902,0.4484260846035898,0.485653560042508,0.3736141906873614,132
2,Large-Basket Occasional Shoppers,WAREHOUSE SNACKS,3317.99,1744.32,1318,780,497,902,0.5257158701503019,0.5918057663125948,0.5509977827050998,133
2,Large-Basket Occasional Shoppers,MELONS,3251.86,1355.09,995,544,366,902,0.4167122815865381,0.5467336683417086,0.4057649667405765,134
2,Large-Basket Occasional Shoppers,BREAD,3250.66,693.02,1468,416,434,902,0.21319362837085393,0.28337874659400547,0.4811529933481153,135
2,Large-Basket Occasional Shoppers,MOLASSES/SYRUP/PANCAKE MIXS,3247.81,2377.47,1065,830,447,902,0.7320225013162716,0.7793427230046949,0.4955654101995565,136
2,Large-Basket Occasional Shoppers,ORGANICS FRUIT & VEGETABLES,3213.18,734.7,1102,293,407,902,0.22865198961776187,0.2658802177858439,0.45121951219512196,137
2,Large-Basket Occasional Shoppers,LIQUOR,3204.6,47.55,320,15,181,902,0.014838045309867065,0.046875,0.2006651884700665,138
2,Large-Basket Occasional Shoppers,IMPORTED WINE,3196.93,26.950000000000003,266,2,109,902,0.0084299624952689,0.007518796992481203,0.12084257206208426,139
2,Large-Basket Occasional Shoppers,BOOKSTORE,3068.4700000000003,128.0,299,14,175,902,0.04171460043604793,0.046822742474916385,0.19401330376940132,140
2,Large-Basket Occasional Shoppers,PREPAID WIRELESS&ACCESSORIES,3039.78,869.84,139,16,68,902,0.28615228733658354,0.11510791366906475,0.07538802660753881,141
2,Large-Basket Occasional Shoppers,DRY MIX DESSERTS,3027.41,1882.72,1308,842,478,902,0.621891319642863,0.6437308868501529,0.5299334811529933,142
2,Large-Basket Occasional Shoppers,DRY SAUCES/GRAVY,3003.97,1323.47,1460,712,484,902,0.44057364088189965,0.4876712328767123,0.5365853658536586,143
2,Large-Basket Occasional Shoppers,STATIONERY & SCHOOL SUPPLIES,2966.91,593.38,726,197,375,902,0.19999932589798816,0.2713498622589532,0.4157427937915743,144
2,Large-Basket Occasional Shoppers,DIETARY AID PRODUCTS,2867.73,709.93,252,76,123,902,0.24755817318924722,0.30158730158730157,0.13636363636363635,145
2,Large-Basket Occasional Shoppers,VEGETABLES SALAD,2850.55,50.57,2396,52,563,902,0.01774043605619968,0.021702838063439065,0.6241685144124168,146
2,Large-Basket Occasional Shoppers,TEAS,2849.61,1228.39,819,385,361,902,0.4310730240278494,0.4700854700854701,0.40022172949002216,147
2,Large-Basket Occasional Shoppers,AUDIO/VIDEO PRODUCTS,2799.0299999999997,390.53,189,26,127,902,0.13952333486957982,0.13756613756613756,0.14079822616407983,148
2,Large-Basket Occasional Shoppers,BABY HBC,2692.5099999999998,854.12,670,268,299,902,0.31722073455623195,0.4,0.33148558758314856,149
2,Large-Basket Occasional Shoppers,PET CARE SUPPLIES,2646.93,337.34000000000003,506,84,207,902,0.12744575791577414,0.16600790513833993,0.229490022172949,150
2,Large-Basket Occasional Shoppers,MUSHROOMS,2531.75,305.63,945,153,288,902,0.1207188703465982,0.1619047619047619,0.31929046563192903,151
2,Large-Basket Occasional Shoppers,CHARCOAL AND LIGHTER FLUID,2512.84,699.91,414,109,218,902,0.27853345218955444,0.2632850241545894,0.24168514412416853,152
2,Large-Basket Occasional Shoppers,POPCORN,2441.2400000000002,1167.9,777,422,362,902,0.4784044174272091,0.5431145431145431,0.401330376940133,153
2,Large-Basket Occasional Shoppers,FUEL,2412.43,96.68,131,2,67,902,0.04007577421935559,0.015267175572519083,0.07427937915742794,154
2,Large-Basket Occasional Shoppers,BATTERIES,2380.26,919.4300000000001,415,172,266,902,0.3862729281675111,0.41445783132530123,0.29490022172949004,155
2,Large-Basket Occasional Shoppers,DRIED FRUIT,2336.04,845.0600000000001,683,277,282,902,0.36174894265509155,0.4055636896046852,0.31263858093126384,156
2,Large-Basket Occasional Shoppers,SINUS AND ALLERGY,2238.71,648.82,268,73,163,902,0.28981869022785445,0.27238805970149255,0.18070953436807094,157
2,Large-Basket Occasional Shoppers,COCOA MIXES,2216.41,1056.43,853,461,387,902,0.4766401523183888,0.5404454865181711,0.42904656319290463,158
2,Large-Basket Occasional Shoppers,TOYS AND GAMES,2195.12,406.95,385,85,220,902,0.18538849812310945,0.22077922077922077,0.24390243902439024,159
2,Large-Basket Occasional Shoppers,BROOMS AND MOPS,2178.94,187.06,617,92,320,902,0.08584908258143868,0.14910858995137763,0.35476718403547675,160
2,Large-Basket Occasional Shoppers,CHRISTMAS  SEASONAL,2139.58,841.63,331,122,226,902,0.39336224866562597,0.3685800604229607,0.25055432372505543,161
2,Large-Basket Occasional Shoppers,BROCCOLI/CAULIFLOWER,2112.15,550.99,917,287,320,902,0.26086688918874135,0.31297709923664124,0.35476718403547675,162
2,Large-Basket Occasional Shoppers,ANTACIDS,2083.86,742.45,345,145,188,902,0.3562859309166643,0.42028985507246375,0.20842572062084258,163
2,Large-Basket Occasional Shoppers,ROLLS,2081.71,624.39,998,313,382,902,0.29994091396015776,0.313627254509018,0.42350332594235035,164
2,Large-Basket Occasional Shoppers,FIRST AID PRODUCTS,2066.74,194.78,448,55,293,902,0.09424504291783196,0.12276785714285714,0.32483370288248337,165
2,Large-Basket Occasional Shoppers,NUTS,2051.4900000000002,248.59,381,70,176,902,0.12117534084982133,0.1837270341207349,0.1951219512195122,166
2,Large-Basket Occasional Shoppers,ADULT INCONTINENCE,1999.56,1038.48,177,106,39,902,0.519354257936746,0.5988700564971752,0.043237250554323724,167
2,Large-Basket Occasional Shoppers,BLEACH,1991.15,746.07,740,309,367,902,0.3746930165984481,0.4175675675675676,0.40687361419068735,168
2,Large-Basket Occasional Shoppers,PLASTIC HOUSEWARES,1979.5,615.94,496,162,294,902,0.3111593836827482,0.32661290322580644,0.3259423503325942,169
2,Large-Basket Occasional Shoppers,MISC WINE,1886.38,16.17,265,2,157,902,0.008571973833479999,0.007547169811320755,0.17405764966740578,170
2,Large-Basket Occasional Shoppers,PARTY TRAYS,1864.69,307.72,103,23,78,902,0.16502474942215598,0.22330097087378642,0.08647450110864745,171
2,Large-Basket Occasional Shoppers,FITNESS&DIET,1852.73,1273.45,299,213,95,902,0.687337064763889,0.7123745819397993,0.10532150776053215,172
2,Large-Basket Occasional Shoppers,ELECTRICAL SUPPPLIES,1824.38,406.34,495,147,303,902,0.2227277211984345,0.296969696969697,0.33592017738359203,173
2,Large-Basket Occasional Shoppers,KITCHEN GADGETS,1750.71,216.85,446,68,311,902,0.12386403230689262,0.15246636771300448,0.34478935698447893,174
2,Large-Basket Occasional Shoppers,NO COMMODITY DESCRIPTION,1741.22,99.99000000000001,382,26,254,902,0.05742525355785025,0.06806282722513089,0.28159645232815966,175
2,Large-Basket Occasional Shoppers,INFANT CARE PRODUCTS,1708.57,250.88,280,66,123,902,0.14683624317411637,0.2357142857142857,0.13636363636363635,176
2,Large-Basket Occasional Shoppers,VALUE ADDED VEGETABLES,1542.08,338.2,395,129,202,902,0.21931417306495124,0.3265822784810127,0.22394678492239467,177
2,Large-Basket Occasional Shoppers,FRZN JCE CONC/DRNKS,1511.39,1197.7,435,370,166,902,0.7924493347183718,0.8505747126436781,0.18403547671840353,178
2,Large-Basket Occasional Shoppers,ROSES,1487.6499999999999,528.72,95,27,69,902,0.35540617752831655,0.28421052631578947,0.07649667405764966,179
2,Large-Basket Occasional Shoppers,FILM AND CAMERA PRODUCTS,1438.52,662.46,193,99,140,902,0.4605149737229931,0.5129533678756477,0.15521064301552107,180
2,Large-Basket Occasional Shoppers,SWEET GOODS & SNACKS,1435.23,270.64,428,81,164,902,0.18856907952035562,0.18925233644859812,0.18181818181818182,181
2,Large-Basket Occasional Shoppers,CORN,1394.04,488.95,616,252,291,902,0.3507431637542682,0.4090909090909091,0.32261640798226165,182
2,Large-Basket Occasional Shoppers,FROZEN - BOXED(GROCERY),1385.73,764.71,228,143,136,902,0.5518463192685444,0.6271929824561403,0.15077605321507762,183
2,Large-Basket Occasional Shoppers,EYE AND EAR CARE PRODUCTS,1381.67,164.36,216,21,138,902,0.11895749346804954,0.09722222222222222,0.15299334811529933,184
2,Large-Basket Occasional Shoppers,COOKWARE & BAKEWARE,1364.94,241.48,235,49,179,902,0.17691620144475215,0.20851063829787234,0.1984478935698448,185
2,Large-Basket Occasional Shoppers,MISCELLANEOUS,1333.3,286.38,465,115,263,902,0.21479036975924398,0.24731182795698925,0.2915742793791574,186
2,Large-Basket Occasional Shoppers,FROZEN,1325.1100000000001,425.55,213,93,89,902,0.32114315037996843,0.43661971830985913,0.09866962305986696,187
2,Large-Basket Occasional Shoppers,FLOUR & MEALS,1280.59,232.64000000000001,708,135,367,902,0.18166626320680312,0.1906779661016949,0.40687361419068735,188
2,Large-Basket Occasional Shoppers,CEREAL/BREAKFAST,1276.13,537.53,273,135,87,902,0.4212188413406157,0.4945054945054945,0.09645232815964523,189
2,Large-Basket Occasional Shoppers,TICKETS,1272.24,0.0,129,0,71,902,0.0,0.0,0.0787139689578714,190
2,Large-Basket Occasional Shoppers,OLIVES,1256.5,535.96,571,283,256,902,0.426549940310386,0.4956217162872154,0.2838137472283814,191
2,Large-Basket Occasional Shoppers,LAXATIVES,1244.09,229.09,181,42,109,902,0.18414262633732287,0.23204419889502761,0.12084257206208426,192
2,Large-Basket Occasional Shoppers,FRZN ICE,1241.14,0.0,446,0,227,902,0.0,0.0,0.2516629711751663,193
2,Large-Basket Occasional Shoppers,FRZN FRUITS,1186.09,1038.79,228,199,114,902,0.875810435970289,0.8728070175438597,0.12638580931263857,194
2,Large-Basket Occasional Shoppers,CHIPS&SNACKS,1185.17,468.69,325,140,128,902,0.39546225436013394,0.4307692307692308,0.1419068736141907,195
2,Large-Basket Occasional Shoppers,IN-STORE PHOTOFINISHING,1121.49,0.0,100,0,66,902,0.0,0.0,0.07317073170731707,196
2,Large-Basket Occasional Shoppers,CANDLES/ACCESSORIES,1095.69,194.71,232,51,155,902,0.1777053728700636,0.21982758620689655,0.17184035476718404,197
2,Large-Basket Occasional Shoppers,FROZEN CHICKEN,1042.78,740.72,112,83,81,902,0.7103319971614339,0.7410714285714286,0.08980044345898004,198
2,Large-Basket Occasional Shoppers,CANNED MILK,1010.46,645.21,437,259,228,902,0.63853096609465,0.5926773455377574,0.25277161862527714,199
2,Large-Basket Occasional Shoppers,GARDEN CENTER,1002.34,252.86,72,17,61,902,0.2522696889279087,0.2361111111111111,0.06762749445676275,200
2,Large-Basket Occasional Shoppers,SUSHI,986.9300000000001,12.98,131,2,30,902,0.013151895271194512,0.015267175572519083,0.03325942350332594,201
2,Large-Basket Occasional Shoppers,FAMILY PLANNING,961.98,161.07,107,25,75,902,0.1674359134285536,0.2336448598130841,0.08314855875831485,202
2,Large-Basket Occasional Shoppers,LAWN AND GARDEN SHOP,961.96,463.42,73,33,47,902,0.4817456027277641,0.4520547945205479,0.052106430155210645,203
2,Large-Basket Occasional Shoppers,HARDWARE SUPPLIES,934.43,63.019999999999996,218,14,157,902,0.06744218400522244,0.06422018348623854,0.17405764966740578,204
2,Large-Basket Occasional Shoppers,DOMESTIC GOODS,931.23,222.16,127,40,102,902,0.23856619739484336,0.31496062992125984,0.1130820399113082,205
2,Large-Basket Occasional Shoppers,HERBS,922.67,87.98,641,36,252,902,0.09535370175685783,0.056162246489859596,0.2793791574279379,206
2,Large-Basket Occasional Shoppers,COFFEE FILTERS,914.43,121.26,328,53,207,902,0.1326071979265772,0.16158536585365854,0.229490022172949,207
2,Large-Basket Occasional Shoppers,WATER,913.06,671.03,231,145,116,902,0.7349243204170591,0.6277056277056277,0.1286031042128603,208
2,Large-Basket Occasional Shoppers,PEARS,908.03,249.65,380,126,165,902,0.27493585013711,0.33157894736842103,0.18292682926829268,209
2,Large-Basket Occasional Shoppers,RICE CAKES,890.51,228.67000000000002,328,102,131,902,0.25678543755825317,0.31097560975609756,0.14523281596452328,210
2,Large-Basket Occasional Shoppers,FOOT CARE PRODUCTS,822.03,36.410000000000004,104,6,76,902,0.044292787367857626,0.057692307692307696,0.08425720620842572,211
2,Large-Basket Occasional Shoppers,UNKNOWN,810.76,104.74,255,37,160,902,0.12918742907888894,0.1450980392156863,0.17738359201773837,212
2,Large-Basket Occasional Shoppers,SNACKS,802.49,384.82,236,107,128,902,0.479532455233087,0.4533898305084746,0.1419068736141907,213
2,Large-Basket Occasional Shoppers,DISPOSIBLE FOILWARE,773.4200000000001,223.0,220,75,153,902,0.28832975614801787,0.3409090909090909,0.1696230598669623,214
2,Large-Basket Occasional Shoppers,HAIR CARE ACCESSORIES,730.0300000000001,149.41,200,49,147,902,0.20466282207580508,0.245,0.1629711751662971,215
2,Large-Basket Occasional Shoppers,SYRUPS/TOPPINGS,699.17,305.18,274,133,168,902,0.43648897979032286,0.4854014598540146,0.18625277161862527,216
2,Large-Basket Occasional Shoppers,NEWSPAPER,697.79,17.82,598,18,200,902,0.025537769242895428,0.030100334448160536,0.22172949002217296,217
2,Large-Basket Occasional Shoppers,INSECTICIDES,688.46,172.94,125,36,99,902,0.2511983267001714,0.288,0.10975609756097561,218
2,Large-Basket Occasional Shoppers,HALLOWEEN,667.71,226.79000000000002,112,39,88,902,0.3396534423627024,0.3482142857142857,0.0975609756097561,219
2,Large-Basket Occasional Shoppers,SPORTS MEMORABLILIA,662.47,41.67,54,5,46,902,0.06290096155297599,0.09259259259259259,0.050997782705099776,220
2,Large-Basket Occasional Shoppers,SANDWICHES,657.8000000000001,42.5,137,12,65,902,0.06460930373973851,0.08759124087591241,0.07206208425720621,221
2,Large-Basket Occasional Shoppers,SUNTAN,645.55,361.73,74,43,64,902,0.5603438928045853,0.581081081081081,0.07095343680709534,222
2,Large-Basket Occasional Shoppers,BATH,635.84,176.25,167,57,121,902,0.27719237544036235,0.3413173652694611,0.13414634146341464,223
2,Large-Basket Occasional Shoppers,SNKS/CKYS/CRKR/CNDY,631.47,167.91,173,61,85,902,0.26590336833103706,0.35260115606936415,0.0942350332594235,224
2,Large-Basket Occasional Shoppers,AUTOMOTIVE PRODUCTS,630.13,30.38,160,14,126,902,0.04821227365781664,0.0875,0.13968957871396895,225
2,Large-Basket Occasional Shoppers,FLORAL-FLOWERING PLANTS,623.66,7.34,76,4,66,902,0.01176923323605811,0.05263157894736842,0.07317073170731707,226
2,Large-Basket Occasional Shoppers,J-HOOKS,620.72,5.83,178,2,137,902,0.009392318597757443,0.011235955056179775,0.15188470066518847,227
2,Large-Basket Occasional Shoppers,TOBACCO OTHER,609.83,34.93,172,16,102,902,0.05727825787514553,0.09302325581395349,0.1130820399113082,228
2,Large-Basket Occasional Shoppers,HOSIERY/SOCKS,571.67,77.35,116,19,74,902,0.13530533349659768,0.16379310344827586,0.082039911308204,229
2,Large-Basket Occasional Shoppers,SEAFOOD - MISC,557.0,123.48,263,65,172,902,0.22168761220825853,0.24714828897338403,0.19068736141906872,230
2,Large-Basket Occasional Shoppers,APPAREL,547.21,77.2,67,14,53,902,0.1410792931415727,0.208955223880597,0.058758314855875834,231
2,Large-Basket Occasional Shoppers,LAMB,542.79,41.74,81,4,19,902,0.076898984874445,0.04938271604938271,0.02106430155210643,232
2,Large-Basket Occasional Shoppers,IRONING AND CHEMICALS,533.97,19.58,78,2,66,902,0.036668726707492924,0.02564102564102564,0.07317073170731707,233
2,Large-Basket Occasional Shoppers,SMOKING CESSATIONS,509.13,280.21,13,7,5,902,0.5503702394280439,0.5384615384615384,0.005543237250554324,234
2,Large-Basket Occasional Shoppers,JUICE,484.28,222.56,136,76,88,902,0.4595688444701413,0.5588235294117647,0.0975609756097561,235
2,Large-Basket Occasional Shoppers,SQUASH,471.12,40.11,289,30,135,902,0.08513754457463067,0.10380622837370242,0.14966740576496673,236
2,Large-Basket Occasional Shoppers,FRAGRANCES,436.68,2.8,14,1,13,902,0.00641201795365027,0.07142857142857142,0.014412416851441241,237
2,Large-Basket Occasional Shoppers,FLORAL-FOLIAGE PLANTS,422.08,9.99,39,1,36,902,0.02366849886277483,0.02564102564102564,0.03991130820399113,238
2,Large-Basket Occasional Shoppers,FLORAL BALLOONS,384.72,0.0,72,0,59,902,0.0,0.0,0.06541019955654102,239
2,Large-Basket Occasional Shoppers,NON-DAIRY BEVERAGES,366.83,158.14,121,54,28,902,0.431098874137884,0.4462809917355372,0.031042128603104215,240
2,Large-Basket Occasional Shoppers,VALENTINE,356.87,109.67,81,39,73,902,0.30731078544007623,0.48148148148148145,0.08093126385809313,241
2,Large-Basket Occasional Shoppers,PREPARED/PKGD FOODS,347.07,116.97,90,39,47,902,0.3370213501599101,0.43333333333333335,0.052106430155210645,242
2,Large-Basket Occasional Shoppers,DELI SPECIALTIES (RETAIL PK),347.06,66.62,96,23,70,902,0.19195528150752034,0.23958333333333334,0.07760532150776053,243
2,Large-Basket Occasional Shoppers,DELI SUPPLIES,338.54,0.0,107,0,89,902,0.0,0.0,0.09866962305986696,244
2,Large-Basket Occasional Shoppers,EASTER,331.92,27.3,101,16,89,902,0.08224873463485177,0.15841584158415842,0.09866962305986696,245
2,Large-Basket Occasional Shoppers,FLORAL- HARD GOODS,327.4,0.0,45,0,39,902,0.0,0.0,0.043237250554323724,246
2,Large-Basket Occasional Shoppers,PERSONAL CARE APPLIANCES,324.7,15.69,20,2,19,902,0.04832152756390514,0.1,0.02106430155210643,247
2,Large-Basket Occasional Shoppers,FALL AND WINTER SEASONAL,315.69,10.98,43,3,42,902,0.03478095600114036,0.06976744186046512,0.04656319290465632,248
2,Large-Basket Occasional Shoppers,EXOTIC GAME/FOWL,313.25,177.66,48,26,33,902,0.5671508379888268,0.5416666666666666,0.036585365853658534,249
2,Large-Basket Occasional Shoppers,CONDIMENTS,302.39,79.09,71,24,44,902,0.26154965441978906,0.3380281690140845,0.04878048780487805,250
2,Large-Basket Occasional Shoppers,NEW AGE,299.52,118.13,76,37,52,902,0.394397702991453,0.4868421052631579,0.057649667405764965,251
2,Large-Basket Occasional Shoppers,HOME FREEZING & CANNING SUPPLY,288.79,41.09,40,5,30,902,0.14228332005955885,0.125,0.03325942350332594,252
2,Large-Basket Occasional Shoppers,GLASSES/VISION AIDS,270.35,0.0,23,0,16,902,0.0,0.0,0.017738359201773836,253
2,Large-Basket Occasional Shoppers,BAKERY PARTY TRAYS,259.7,4.99,34,1,28,902,0.019214478244127843,0.029411764705882353,0.031042128603104215,254
2,Large-Basket Occasional Shoppers,CIGARS,251.37000000000003,0.0,47,0,13,902,0.0,0.0,0.014412416851441241,255
2,Large-Basket Occasional Shoppers,SEASONAL,243.73000000000002,52.85,42,9,40,902,0.21683830468140974,0.21428571428571427,0.04434589800443459,256
2,Large-Basket Occasional Shoppers,COSMETIC ACCESSORIES,239.27,1.67,33,1,28,902,0.006979562836962426,0.030303030303030304,0.031042128603104215,257
2,Large-Basket Occasional Shoppers,PORTABLE ELECTRIC APPLIANCES,225.85999999999999,74.89,20,7,20,902,0.3315770831488533,0.35,0.022172949002217297,258
2,Large-Basket Occasional Shoppers,COUPONS/STORE & MFG,220.39000000000001,118.69,149,48,106,902,0.5385453060483687,0.3221476510067114,0.11751662971175167,259
2,Large-Basket Occasional Shoppers,FIREWORKS,215.04,0.0,29,0,28,902,0.0,0.0,0.031042128603104215,260
2,Large-Basket Occasional Shoppers,ETHNIC PERSONAL CARE,208.67000000000002,51.38,51,12,40,902,0.2462260986246226,0.23529411764705882,0.04434589800443459,261
2,Large-Basket Occasional Shoppers,OVERNIGHT PHOTOFINISHING,205.04,0.0,21,0,14,902,0.0,0.0,0.015521064301552107,262
2,Large-Basket Occasional Shoppers,BAKING,199.47,54.730000000000004,49,13,28,902,0.27437709931317994,0.2653061224489796,0.031042128603104215,263
2,Large-Basket Occasional Shoppers,GLASSWARE & DINNERWARE,195.11,47.43,32,10,30,902,0.24309363948541846,0.3125,0.03325942350332594,264
2,Large-Basket Occasional Shoppers,PROPANE,192.42,0.0,8,0,8,902,0.0,0.0,0.008869179600886918,265
2,Large-Basket Occasional Shoppers,BIRD SEED,192.17000000000002,85.46000000000001,46,24,25,902,0.4447104126554613,0.5217391304347826,0.02771618625277162,266
2,Large-Basket Occasional Shoppers,CONTINUITIES,185.02,5.98,31,1,22,902,0.032320830180521024,0.03225806451612903,0.024390243902439025,267
2,Large-Basket Occasional Shoppers,HOME FURNISHINGS,175.41,25.630000000000003,18,4,15,902,0.14611481671512458,0.2222222222222222,0.01662971175166297,268
2,Large-Basket Occasional Shoppers,BEVERAGE,173.06,70.51,47,21,25,902,0.4074309488038831,0.44680851063829785,0.02771618625277162,269
2,Large-Basket Occasional Shoppers,COFFEE SHOP,147.65,0.0,39,4,14,902,0.0,0.10256410256410256,0.015521064301552107,270
2,Large-Basket Occasional Shoppers,COUPON,141.26,0.0,15,0,15,902,0.0,0.0,0.01662971175166297,271
2,Large-Basket Occasional Shoppers,PACKAGED NATURAL SNACKS,129.1,0.0,47,0,42,902,0.0,0.0,0.04656319290465632,272
2,Large-Basket Occasional Shoppers,VEAL,125.31,0.0,26,0,17,902,0.0,0.0,0.018847006651884702,273
2,Large-Basket Occasional Shoppers,SHOE CARE,112.94,5.79,43,3,42,902,0.05126615902248982,0.06976744186046512,0.04656319290465632,274
2,Large-Basket Occasional Shoppers,BOTTLE DEPOSITS,103.5,0.0,68,0,10,902,0.0,0.0,0.011086474501108648,275
2,Large-Basket Occasional Shoppers,NATURAL HBC,99.33,7.18,11,1,9,902,0.07228430484244437,0.09090909090909091,0.009977827050997782,276
2,Large-Basket Occasional Shoppers,DRY TEA/COFFEE/COCO MIX,87.82000000000001,34.94,19,11,18,902,0.39785925757230695,0.5789473684210527,0.019955654101995565,277
2,Large-Basket Occasional Shoppers,NON EDIBLE PRODUCTS,87.61000000000001,26.43,10,4,4,902,0.30167789065175205,0.4,0.004434589800443459,278
2,Large-Basket Occasional Shoppers,SERVICE BEVERAGE,83.09,4.8,58,5,25,902,0.05776868455891202,0.08620689655172414,0.02771618625277162,279
2,Large-Basket Occasional Shoppers,QUICK SERVICE,77.07,0.0,26,0,9,902,0.0,0.0,0.009977827050997782,280
2,Large-Basket Occasional Shoppers,(CORP USE ONLY),76.34,0.0,14,0,13,902,0.0,0.0,0.014412416851441241,281
2,Large-Basket Occasional Shoppers,FLORAL-ACCESSORIES,76.21000000000001,1.95,13,1,13,902,0.025587193281721557,0.07692307692307693,0.014412416851441241,282
2,Large-Basket Occasional Shoppers,FRZN SEAFOOD,65.09,21.68,15,6,13,902,0.3330772776156091,0.4,0.014412416851441241,283
2,Large-Basket Occasional Shoppers,COFFEE SHOP SWEET GOODS&RETAIL,63.65,0.0,9,0,8,902,0.0,0.0,0.008869179600886918,284
2,Large-Basket Occasional Shoppers,DOLLAR VALUE PRODUCTS,59.96,30.150000000000002,29,14,27,902,0.5028352234823216,0.4827586206896552,0.02993348115299335,285
2,Large-Basket Occasional Shoppers,SEWING,56.35,0.99,22,1,22,902,0.017568766637089617,0.045454545454545456,0.024390243902439025,286
2,Large-Basket Occasional Shoppers,LONG DISTANCE CALLING CARDS,51.64,0.0,3,0,3,902,0.0,0.0,0.0033259423503325942,287
2,Large-Basket Occasional Shoppers,MEAT SUPPLIES,50.4,0.0,9,0,8,902,0.0,0.0,0.008869179600886918,288
2,Large-Basket Occasional Shoppers,PHARMACY,49.040000000000006,0.0,5,0,5,902,0.0,0.0,0.005543237250554324,289
2,Large-Basket Occasional Shoppers,GIFT & FRUIT BASKETS,47.77,0.0,5,0,5,902,0.0,0.0,0.005543237250554324,290
2,Large-Basket Occasional Shoppers,WATCHES/CALCULATORS/LOBBY,45.46,2.49,6,1,5,902,0.05477342718873736,0.16666666666666666,0.005543237250554324,291
2,Large-Basket Occasional Shoppers,NATURAL VITAMINS,38.95,0.0,5,0,5,902,0.0,0.0,0.005543237250554324,292
2,Large-Basket Occasional Shoppers,BABYFOOD,32.28,12.690000000000001,10,5,5,902,0.39312267657992567,0.5,0.005543237250554324,293
2,Large-Basket Occasional Shoppers,EASTER LILY,31.98,0.0,1,0,1,902,0.0,0.0,0.0011086474501108647,294
2,Large-Basket Occasional Shoppers,HOME HEALTH CARE,26.58,0.0,2,0,2,902,0.0,0.0,0.0022172949002217295,295
2,Large-Basket Occasional Shoppers,RESTRICTED DIET,25.39,12.940000000000001,7,5,3,902,0.5096494682946042,0.7142857142857143,0.0033259423503325942,296
2,Large-Basket Occasional Shoppers,BOUQUET (NON ROSE),23.97,0.0,3,0,3,902,0.0,0.0,0.0033259423503325942,297
2,Large-Basket Occasional Shoppers,RW FRESH PROCESSED MEAT,20.32,0.0,8,0,5,902,0.0,0.0,0.005543237250554324,298
2,Large-Basket Occasional Shoppers,PROD SUPPLIES,20.31,0.0,9,0,4,902,0.0,0.0,0.004434589800443459,299
2,Large-Basket Occasional Shoppers,MISCELLANEOUS HBC,14.950000000000001,0.0,5,0,4,902,0.0,0.0,0.004434589800443459,300
2,Large-Basket Occasional Shoppers,FROZEN PACKAGE MEAT,12.99,0.0,1,0,1,902,0.0,0.0,0.0011086474501108647,301
2,Large-Basket Occasional Shoppers,BULK FOODS,4.59,0.0,1,0,1,902,0.0,0.0,0.0011086474501108647,302
2,Large-Basket Occasional Shoppers,MISCELLANEOUS(CORP USE ONLY),2.29,0.0,1,0,1,902,0.0,0.0,0.0011086474501108647,303
2,Large-Basket Occasional Shoppers,TOYS,0.99,0.0,1,0,1,902,0.0,0.0,0.0011086474501108647,304
3,Low-Value Low-Engagement Shoppers,COUPON/MISC ITEMS,21964.85,20351.22,1337,1071,326,591,0.9265358060719742,0.8010471204188482,0.5516074450084603,1
3,Low-Value Low-Engagement Shoppers,SOFT DRINKS,20450.26,13877.71,5791,3430,517,591,0.6786079981379209,0.5922983940597479,0.8747884940778342,2
3,Low-Value Low-Engagement Shoppers,BEEF,14073.45,6981.16,2064,1063,427,591,0.4960517854541708,0.5150193798449613,0.7225042301184433,3
3,Low-Value Low-Engagement Shoppers,BEERS/ALES,13390.4,82.62,1675,8,258,591,0.006170092006213407,0.004776119402985075,0.4365482233502538,4
3,Low-Value Low-Engagement Shoppers,FLUID MILK PRODUCTS,11733.86,5116.1,4708,2354,527,591,0.4360116790212258,0.5,0.8917089678510999,5
3,Low-Value Low-Engagement Shoppers,FRZN MEAT/MEAT DINNERS,9325.1,6144.6,1572,1078,337,591,0.6589312715145146,0.6857506361323156,0.5702199661590525,6
3,Low-Value Low-Engagement Shoppers,BAG SNACKS,8087.48,4206.69,2740,1481,471,591,0.5201484269512876,0.5405109489051095,0.7969543147208121,7
3,Low-Value Low-Engagement Shoppers,FROZEN PIZZA,7707.26,4910.1,1539,1002,348,591,0.6370746542869969,0.6510721247563352,0.5888324873096447,8
3,Low-Value Low-Engagement Shoppers,CHEESE,7256.83,5452.79,2289,1835,468,591,0.7514010938660545,0.8016601135867191,0.7918781725888325,9
3,Low-Value Low-Engagement Shoppers,BAKED BREAD/BUNS/ROLLS,6926.83,4562.78,3578,2637,509,591,0.6587111276009372,0.7370039128004472,0.8612521150592216,10
3,Low-Value Low-Engagement Shoppers,ICE CREAM/MILK/SHERBTS,5188.58,3854.71,1487,1085,385,591,0.7429219555254039,0.7296570275722932,0.6514382402707276,11
3,Low-Value Low-Engagement Shoppers,CIGARETTES,4965.73,90.86000000000001,731,13,168,591,0.018297410451232753,0.017783857729138167,0.28426395939086296,12
3,Low-Value Low-Engagement Shoppers,COLD CEREAL,4961.86,2911.38,1239,789,347,591,0.5867517422901897,0.6368038740920097,0.5871404399323181,13
3,Low-Value Low-Engagement Shoppers,PORK,4716.22,2653.56,653,386,225,591,0.5626455084792482,0.5911179173047473,0.38071065989847713,14
3,Low-Value Low-Engagement Shoppers,LUNCHMEAT,4666.47,2221.32,1344,683,385,591,0.476017203582151,0.5081845238095238,0.6514382402707276,15
3,Low-Value Low-Engagement Shoppers,CHICKEN,4616.24,2711.79,805,489,270,591,0.5874456267438435,0.6074534161490683,0.45685279187817257,16
3,Low-Value Low-Engagement Shoppers,INFANT FORMULA,4356.37,3662.57,173,152,70,591,0.8407389638621147,0.8786127167630058,0.11844331641285956,17
3,Low-Value Low-Engagement Shoppers,CANDY - PACKAGED,4278.21,1506.99,1321,555,385,591,0.3522477858730637,0.4201362604087812,0.6514382402707276,18
3,Low-Value Low-Engagement Shoppers,REFRGRATD JUICES/DRNKS,4195.65,2693.91,1681,1066,377,591,0.6420721461513711,0.6341463414634146,0.637901861252115,19
3,Low-Value Low-Engagement Shoppers,DELI MEATS,3692.96,1611.52,671,337,236,591,0.4363762401975651,0.5022354694485842,0.3993231810490694,20
3,Low-Value Low-Engagement Shoppers,CAKES,3591.84,595.53,370,80,199,591,0.1658008151810771,0.21621621621621623,0.33671742808798644,21
3,Low-Value Low-Engagement Shoppers,SOUP,3576.5,1350.7,1172,549,370,591,0.37765972319306584,0.4684300341296928,0.626057529610829,22
3,Low-Value Low-Engagement Shoppers,WATER - CARBONATED/FLVRD DRINK,3492.49,1293.34,1154,382,307,591,0.37032031587778347,0.3310225303292894,0.5194585448392555,23
3,Low-Value Low-Engagement Shoppers,LIQUOR,3443.3100000000004,22.48,375,6,89,591,0.006528601839509076,0.016,0.1505922165820643,24
3,Low-Value Low-Engagement Shoppers,CHICKEN/POULTRY,3229.72,1856.84,581,367,198,591,0.5749229035334332,0.6316695352839932,0.3350253807106599,25
3,Low-Value Low-Engagement Shoppers,CANNED JUICES,3217.68,1336.63,994,453,325,591,0.4154017801645907,0.4557344064386318,0.5499153976311336,26
3,Low-Value Low-Engagement Shoppers,SEAFOOD - FROZEN,3211.93,1893.52,413,277,194,591,0.5895271690229862,0.6707021791767555,0.32825719120135366,27
3,Low-Value Low-Engagement Shoppers,MEAT - MISC,3147.18,2216.77,410,293,200,591,0.7043670841833006,0.7146341463414634,0.338409475465313,28
3,Low-Value Low-Engagement Shoppers,COFFEE,2842.59,1147.03,560,266,216,591,0.40351580776686047,0.475,0.36548223350253806,29
3,Low-Value Low-Engagement Shoppers,DOG FOODS,2678.95,1706.08,321,211,117,591,0.6368465256910357,0.6573208722741433,0.19796954314720813,30
3,Low-Value Low-Engagement Shoppers,CRACKERS/MISC BKD FD,2674.88,1514.18,1049,660,360,591,0.5660739921043187,0.6291706387035272,0.6091370558375635,31
3,Low-Value Low-Engagement Shoppers,BAKED SWEET GOODS,2672.2400000000002,1012.76,1053,488,320,591,0.3789929048289076,0.4634377967711301,0.5414551607445008,32
3,Low-Value Low-Engagement Shoppers,DIAPERS & DISPOSABLES,2645.14,1220.72,233,92,83,591,0.4614954217924193,0.3948497854077253,0.1404399323181049,33
3,Low-Value Low-Engagement Shoppers,SALAD BAR,2629.64,44.01,668,28,164,591,0.016736131181454495,0.041916167664670656,0.27749576988155666,34
3,Low-Value Low-Engagement Shoppers,YOGURT,2625.72,1795.83,940,619,255,591,0.6839381198299895,0.6585106382978724,0.43147208121827413,35
3,Low-Value Low-Engagement Shoppers,HAIR CARE PRODUCTS,2523.25,847.72,453,184,202,591,0.3359635390864956,0.40618101545253865,0.34179357021996615,36
3,Low-Value Low-Engagement Shoppers,DOMESTIC WINE,2466.85,137.87,263,21,103,591,0.05588908932444211,0.07984790874524715,0.17428087986463622,37
3,Low-Value Low-Engagement Shoppers,FRZN NOVELTIES/WTR ICE,2448.96,1704.6,670,491,239,591,0.6960505684045472,0.7328358208955223,0.40439932318104904,38
3,Low-Value Low-Engagement Shoppers,COOKIES/CONES,2367.5,1344.33,892,516,323,591,0.5678268215417106,0.57847533632287,0.5465313028764806,39
3,Low-Value Low-Engagement Shoppers,DINNER SAUSAGE,2326.36,1583.98,565,412,233,591,0.6808834402242129,0.7292035398230089,0.3942470389170897,40
3,Low-Value Low-Engagement Shoppers,BATH TISSUES,2305.17,1552.79,664,365,252,591,0.6736119245001453,0.5496987951807228,0.4263959390862944,41
3,Low-Value Low-Engagement Shoppers,MEAT - SHELF STABLE,2304.3,1133.12,771,392,278,591,0.49174152671093163,0.5084306095979247,0.4703891708967851,42
3,Low-Value Low-Engagement Shoppers,FUEL,2273.47,0.0,189,0,50,591,0.0,0.0,0.08460236886632826,43
3,Low-Value Low-Engagement Shoppers,VEGETABLES - SHELF STABLE,2209.62,1353.94,1023,747,346,591,0.6127478933029209,0.7302052785923754,0.5854483925549916,44
3,Low-Value Low-Engagement Shoppers,TOMATOES,2180.01,302.51,781,151,288,591,0.13876541850725455,0.19334186939820744,0.4873096446700508,45
3,Low-Value Low-Engagement Shoppers,CANDY - CHECKLANE,2169.71,978.8299999999999,2111,1175,406,591,0.4511340225191385,0.556608242539081,0.6869712351945855,46
3,Low-Value Low-Engagement Shoppers,TROPICAL FRUIT,2103.04,415.97,1661,411,375,591,0.19779462111990265,0.24744130042143286,0.6345177664974619,47
3,Low-Value Low-Engagement Shoppers,LAUNDRY DETERGENTS,2090.02,1611.98,354,248,201,591,0.7712749160295117,0.7005649717514124,0.3401015228426396,48
3,Low-Value Low-Engagement Shoppers,SALD DRSNG/SNDWCH SPRD,2073.97,1098.47,850,497,344,591,0.529646041167423,0.5847058823529412,0.5820642978003384,49
3,Low-Value Low-Engagement Shoppers,HISPANIC,2068.59,696.97,698,310,278,591,0.33692998612581515,0.44412607449856734,0.4703891708967851,50
3,Low-Value Low-Engagement Shoppers,PREPAID WIRELESS&ACCESSORIES,2066.76,809.83,86,17,48,591,0.39183553000832216,0.19767441860465115,0.08121827411167512,51
3,Low-Value Low-Engagement Shoppers,EGGS,1981.77,796.23,1413,585,390,591,0.4017771991704386,0.4140127388535032,0.6598984771573604,52
3,Low-Value Low-Engagement Shoppers,FROZEN MEAT,1964.7,1487.33,373,299,183,591,0.7570265180434671,0.8016085790884718,0.3096446700507614,53
3,Low-Value Low-Engagement Shoppers,CONDIMENTS/SAUCES,1960.84,887.25,866,452,352,591,0.452484649435956,0.5219399538106235,0.5956006768189509,54
3,Low-Value Low-Engagement Shoppers,CONVENIENT BRKFST/WHLSM SNACKS,1934.9,943.69,549,304,223,591,0.4877202956225128,0.5537340619307832,0.377326565143824,55
3,Low-Value Low-Engagement Shoppers,ORAL HYGIENE PRODUCTS,1922.4,553.93,462,177,219,591,0.2881450270495214,0.38311688311688313,0.37055837563451777,56
3,Low-Value Low-Engagement Shoppers,MILK BY-PRODUCTS,1906.87,1173.93,951,640,308,591,0.6156318993953442,0.6729758149316509,0.5211505922165821,57
3,Low-Value Low-Engagement Shoppers,DINNER MXS:DRY,1905.45,1086.03,559,335,231,591,0.5699598520034638,0.5992844364937389,0.39086294416243655,58
3,Low-Value Low-Engagement Shoppers,GREETING CARDS/WRAP/PARTY SPLY,1903.44,45.93,486,17,219,591,0.02412999621737486,0.03497942386831276,0.37055837563451777,59
3,Low-Value Low-Engagement Shoppers,GRAPES,1873.79,626.01,553,268,230,591,0.33408759786315434,0.484629294755877,0.38917089678510997,60
3,Low-Value Low-Engagement Shoppers,BREAKFAST SAUSAGE/SANDWICHES,1861.6200000000001,1278.57,488,351,204,591,0.6868050407709414,0.7192622950819673,0.34517766497461927,61
3,Low-Value Low-Engagement Shoppers,HOT DOGS,1762.41,1162.66,613,448,245,591,0.659698934981077,0.7308319738988581,0.41455160744500846,62
3,Low-Value Low-Engagement Shoppers,PNT BTR/JELLY/JAMS,1737.56,961.54,562,356,247,591,0.5533852068417782,0.6334519572953736,0.4179357021996616,63
3,Low-Value Low-Engagement Shoppers,CHEESES,1714.26,514.38,371,148,163,591,0.3000595008925134,0.39892183288409705,0.27580372250423013,64
3,Low-Value Low-Engagement Shoppers,PREPARED FOOD,1710.03,288.02,397,44,141,591,0.16842979362935154,0.11083123425692695,0.23857868020304568,65
3,Low-Value Low-Engagement Shoppers,BABY FOODS,1699.72,280.0,287,70,79,591,0.16473301484950462,0.24390243902439024,0.13367174280879865,66
3,Low-Value Low-Engagement Shoppers,POTATOES,1692.52,268.38,611,112,288,591,0.15856828870559875,0.18330605564648117,0.4873096446700508,67
3,Low-Value Low-Engagement Shoppers,APPLES,1682.52,331.49,654,166,223,591,0.19701994627106958,0.25382262996941896,0.377326565143824,68
3,Low-Value Low-Engagement Shoppers,REFRIGERATED,1655.92,635.5600000000001,414,193,101,591,0.3838108121165274,0.46618357487922707,0.17089678510998307,69
3,Low-Value Low-Engagement Shoppers,FD WRAPS/BAGS/TRSH BG,1649.66,843.65,451,268,252,591,0.5114084114302341,0.5942350332594235,0.4263959390862944,70
3,Low-Value Low-Engagement Shoppers,FRZN VEGETABLE/VEG DSH,1649.06,1383.14,538,467,220,591,0.8387444968648807,0.8680297397769516,0.37225042301184436,71
3,Low-Value Low-Engagement Shoppers,VEGETABLES - ALL OTHERS,1634.47,174.6,892,135,285,591,0.10682361866537776,0.15134529147982062,0.48223350253807107,72
3,Low-Value Low-Engagement Shoppers,CAT FOOD,1625.86,1031.98,458,293,95,591,0.6347286974278229,0.6397379912663755,0.16074450084602368,73
3,Low-Value Low-Engagement Shoppers,REFRGRATD DOUGH PRODUCTS,1575.8,947.68,533,346,264,591,0.6013961162584084,0.649155722326454,0.4467005076142132,74
3,Low-Value Low-Engagement Shoppers,COOKIES,1562.1200000000001,955.7,291,205,141,591,0.6117967889790797,0.7044673539518901,0.23857868020304568,75
3,Low-Value Low-Engagement Shoppers,COLD AND FLU,1543.79,522.77,315,118,186,591,0.33862766308889164,0.3746031746031746,0.3147208121827411,76
3,Low-Value Low-Engagement Shoppers,SALADS/DIPS,1541.6100000000001,526.94,367,123,168,591,0.3418114828004489,0.335149863760218,0.28426395939086296,77
3,Low-Value Low-Engagement Shoppers,MAGAZINE,1497.81,0.0,323,0,143,591,0.0,0.0,0.24196277495769883,78
3,Low-Value Low-Engagement Shoppers,BREAKFAST SWEETS,1479.94,361.52,673,205,250,591,0.24428017352054812,0.30460624071322434,0.4230118443316413,79
3,Low-Value Low-Engagement Shoppers,SALAD MIX,1458.32,589.44,568,261,234,591,0.40419112403313406,0.4595070422535211,0.39593908629441626,80
3,Low-Value Low-Engagement Shoppers,SUGARS/SWEETNERS,1454.02,480.8,566,177,249,591,0.3306694543403805,0.3127208480565371,0.4213197969543147,81
3,Low-Value Low-Engagement Shoppers,DRY BN/VEG/POTATO/RICE,1451.05,536.71,586,243,257,591,0.3698769856310948,0.41467576791808874,0.43485617597292725,82
3,Low-Value Low-Engagement Shoppers,HOUSEHOLD CLEANG NEEDS,1444.53,496.5,294,139,171,591,0.3437104109987332,0.47278911564625853,0.2893401015228426,83
3,Low-Value Low-Engagement Shoppers,BAKING NEEDS,1422.74,509.57,472,234,240,591,0.35816101325611144,0.4957627118644068,0.40609137055837563,84
3,Low-Value Low-Engagement Shoppers,FLORAL-FRESH CUT,1421.3999999999999,41.31,146,6,97,591,0.029062895736597726,0.0410958904109589,0.16412859560067683,85
3,Low-Value Low-Engagement Shoppers,BOOKSTORE,1416.7,16.8,131,1,61,591,0.011858544504835181,0.007633587786259542,0.10321489001692047,86
3,Low-Value Low-Engagement Shoppers,FRUIT - SHELF STABLE,1413.1299999999999,898.92,545,373,240,591,0.6361198191249213,0.6844036697247706,0.40609137055837563,87
3,Low-Value Low-Engagement Shoppers,CITRUS,1408.33,247.64,587,78,232,591,0.17583946944253123,0.13287904599659284,0.3925549915397631,88
3,Low-Value Low-Engagement Shoppers,SHAVING CARE PRODUCTS,1374.32,476.49,209,76,118,591,0.3467096454974096,0.36363636363636365,0.1996615905245347,89
3,Low-Value Low-Engagement Shoppers,SMOKED MEATS,1346.6,812.16,213,90,106,591,0.6031189662854597,0.4225352112676056,0.1793570219966159,90
3,Low-Value Low-Engagement Shoppers,BACON,1341.03,826.64,346,224,187,591,0.6164217057038247,0.6473988439306358,0.3164128595600677,91
3,Low-Value Low-Engagement Shoppers,ANALGESICS,1333.57,440.5,258,94,161,591,0.33031636884453014,0.3643410852713178,0.272419627749577,92
3,Low-Value Low-Engagement Shoppers,BERRIES,1315.3,586.8100000000001,358,193,175,591,0.44614156466205435,0.5391061452513967,0.2961082910321489,93
3,Low-Value Low-Engagement Shoppers,SEAFOOD-FRESH,1305.12,651.67,206,119,107,591,0.4993180703690082,0.5776699029126213,0.18104906937394247,94
3,Low-Value Low-Engagement Shoppers,VITAMINS,1281.18,572.57,133,67,66,591,0.44690831889352006,0.5037593984962406,0.1116751269035533,95
3,Low-Value Low-Engagement Shoppers,SHORTENING/OIL,1270.46,659.86,415,228,217,591,0.5193866788407349,0.5493975903614458,0.36717428087986465,96
3,Low-Value Low-Engagement Shoppers,SPICES & EXTRACTS,1262.93,562.64,455,240,247,591,0.44550370962761193,0.5274725274725275,0.4179357021996616,97
3,Low-Value Low-Engagement Shoppers,PASTA SAUCE,1256.54,811.54,469,291,209,591,0.6458528976395499,0.6204690831556503,0.3536379018612521,98
3,Low-Value Low-Engagement Shoppers,HEAT/SERVE,1247.78,511.21,240,108,109,591,0.4096956194200901,0.45,0.1844331641285956,99
3,Low-Value Low-Engagement Shoppers,BREAD,1221.82,252.63,577,158,185,591,0.2067653173135159,0.2738301559792028,0.3130287648054145,100
3,Low-Value Low-Engagement Shoppers,ISOTONIC DRINKS,1221.23,898.38,332,242,152,591,0.7356353839981002,0.7289156626506024,0.2571912013536379,101
3,Low-Value Low-Engagement Shoppers,BAKING MIXES,1214.25,546.56,475,238,226,591,0.4501214741610047,0.5010526315789474,0.3824027072758037,102
3,Low-Value Low-Engagement Shoppers,FEMININE HYGIENE,1196.14,391.73,257,91,145,591,0.32749510926814585,0.3540856031128405,0.24534686971235195,103
3,Low-Value Low-Engagement Shoppers,MAKEUP AND TREATMENT,1193.6299999999999,437.33,200,77,114,591,0.36638656870219416,0.385,0.19289340101522842,104
3,Low-Value Low-Engagement Shoppers,SINUS AND ALLERGY,1186.42,336.61,166,41,75,591,0.28371908767552806,0.2469879518072289,0.12690355329949238,105
3,Low-Value Low-Engagement Shoppers,VALUE ADDED FRUIT,1156.59,103.74000000000001,344,29,149,591,0.0896947059891578,0.08430232558139535,0.2521150592216582,106
3,Low-Value Low-Engagement Shoppers,TURKEY,1149.5,725.42,153,72,90,591,0.6310743801652893,0.47058823529411764,0.15228426395939088,107
3,Low-Value Low-Engagement Shoppers,STATIONERY & SCHOOL SUPPLIES,1135.88,181.24,332,88,182,591,0.15955910835651652,0.26506024096385544,0.3079526226734349,108
3,Low-Value Low-Engagement Shoppers,MARGARINES,1132.62,406.37,710,288,289,591,0.3587875898359556,0.4056338028169014,0.4890016920473773,109
3,Low-Value Low-Engagement Shoppers,SOAP - LIQUID & BAR,1125.04,455.4,328,143,166,591,0.40478560762284005,0.43597560975609756,0.2808798646362098,110
3,Low-Value Low-Engagement Shoppers,ONIONS,1099.95,81.59,765,58,288,591,0.07417609891358698,0.07581699346405228,0.4873096446700508,111
3,Low-Value Low-Engagement Shoppers,DEODORANTS,1052.28,428.34,286,123,164,591,0.40705895769186906,0.43006993006993005,0.27749576988155666,112
3,Low-Value Low-Engagement Shoppers,SEAFOOD - SHELF STABLE,1051.02,455.96,340,166,173,591,0.43382618789366517,0.48823529411764705,0.2927241962774958,113
3,Low-Value Low-Engagement Shoppers,DIETARY AID PRODUCTS,1014.31,205.92000000000002,99,29,52,591,0.20301485739073855,0.29292929292929293,0.08798646362098139,114
3,Low-Value Low-Engagement Shoppers,MISC. DAIRY,1005.05,618.79,327,171,180,591,0.6156808118999054,0.5229357798165137,0.30456852791878175,115
3,Low-Value Low-Engagement Shoppers,PAPER HOUSEWARES,998.62,529.99,349,199,197,591,0.5307223969077327,0.5702005730659025,0.3333333333333333,116
3,Low-Value Low-Engagement Shoppers,AUDIO/VIDEO PRODUCTS,991.73,182.98,67,11,51,591,0.18450586349107115,0.16417910447761194,0.08629441624365482,117
3,Low-Value Low-Engagement Shoppers,WAREHOUSE SNACKS,985.87,453.57,437,246,204,591,0.4600708004097903,0.562929061784897,0.34517766497461927,118
3,Low-Value Low-Engagement Shoppers,MISC WINE,983.64,0.0,135,0,64,591,0.0,0.0,0.10829103214890017,119
3,Low-Value Low-Engagement Shoppers,STONE FRUIT,976.4399999999999,481.91,330,181,161,591,0.49353774937528166,0.5484848484848485,0.272419627749577,120
3,Low-Value Low-Engagement Shoppers,DRY NOODLES/PASTA,970.94,677.19,608,434,250,591,0.6974581333553052,0.7138157894736842,0.4230118443316413,121
3,Low-Value Low-Engagement Shoppers,FROZEN PIE/DESSERTS,958.73,620.17,269,198,159,591,0.6468661666996964,0.7360594795539034,0.26903553299492383,122
3,Low-Value Low-Engagement Shoppers,FRZN BREAKFAST FOODS,956.59,645.06,286,217,154,591,0.6743327862511629,0.7587412587412588,0.26057529610829105,123
3,Low-Value Low-Engagement Shoppers,ORGANICS FRUIT & VEGETABLES,946.6800000000001,178.12,297,74,148,591,0.18815227954535851,0.24915824915824916,0.25042301184433163,124
3,Low-Value Low-Engagement Shoppers,PAPER TOWELS,941.93,501.96,412,190,193,591,0.5329058422600406,0.46116504854368934,0.32656514382402707,125
3,Low-Value Low-Engagement Shoppers,PIES,876.32,483.02000000000004,193,103,102,591,0.5511913456271682,0.533678756476684,0.17258883248730963,126
3,Low-Value Low-Engagement Shoppers,FRZN POTATOES,869.4399999999999,668.83,364,283,171,591,0.7692652741994849,0.7774725274725275,0.2893401015228426,127
3,Low-Value Low-Engagement Shoppers,FIRST AID PRODUCTS,843.71,40.51,190,10,116,591,0.048014128077182916,0.05263157894736842,0.19627749576988154,128
3,Low-Value Low-Engagement Shoppers,HAND/BODY/FACIAL PRODUCTS,829.35,207.94,137,41,94,591,0.25072647253873515,0.29927007299270075,0.15905245346869712,129
3,Low-Value Low-Engagement Shoppers,MELONS,820.2,319.17,237,124,146,591,0.3891367959034382,0.5232067510548524,0.2470389170896785,130
3,Low-Value Low-Engagement Shoppers,HOT CEREAL,804.45,171.34,293,63,157,591,0.2129902417800982,0.2150170648464164,0.2656514382402707,131
3,Low-Value Low-Engagement Shoppers,VEGETABLES SALAD,801.31,19.28,588,12,232,591,0.024060600766245277,0.02040816326530612,0.3925549915397631,132
3,Low-Value Low-Engagement Shoppers,IMPORTED WINE,799.54,0.0,71,0,39,591,0.0,0.0,0.06598984771573604,133
3,Low-Value Low-Engagement Shoppers,ROLLS,784.24,210.23,405,115,152,591,0.2680684484341528,0.2839506172839506,0.2571912013536379,134
3,Low-Value Low-Engagement Shoppers,AIR CARE,761.88,361.57,172,105,98,591,0.47457604872158343,0.6104651162790697,0.1658206429780034,135
3,Low-Value Low-Engagement Shoppers,BEANS - CANNED GLASS & MW,758.2,273.15,433,179,196,591,0.360261144816671,0.4133949191685912,0.3316412859560068,136
3,Low-Value Low-Engagement Shoppers,ANTACIDS,754.33,174.21,121,34,74,591,0.23094666790396776,0.2809917355371901,0.12521150592216582,137
3,Low-Value Low-Engagement Shoppers,CHARCOAL AND LIGHTER FLUID,750.69,120.97,129,25,77,591,0.16114507985986223,0.1937984496124031,0.13028764805414553,138
3,Low-Value Low-Engagement Shoppers,BATTERIES,735.86,282.04,142,57,100,591,0.38327942815209415,0.4014084507042254,0.1692047377326565,139
3,Low-Value Low-Engagement Shoppers,FROZEN BREAD/DOUGH,733.0600000000001,657.11,294,271,157,591,0.896393201102229,0.9217687074829932,0.2656514382402707,140
3,Low-Value Low-Engagement Shoppers,SNACK NUTS,731.38,516.15,236,145,130,591,0.705720692389729,0.614406779661017,0.21996615905245348,141
3,Low-Value Low-Engagement Shoppers,ROSES,726.02,152.93,50,7,49,591,0.21064158012175974,0.14,0.0829103214890017,142
3,Low-Value Low-Engagement Shoppers,PROCESSED,722.37,152.01,201,52,124,591,0.21043232692387556,0.25870646766169153,0.2098138747884941,143
3,Low-Value Low-Engagement Shoppers,PEPPERS-ALL,705.49,37.01,408,30,177,591,0.052459992345745506,0.07352941176470588,0.29949238578680204,144
3,Low-Value Low-Engagement Shoppers,PWDR/CRYSTL DRNK MX,695.89,388.35,286,134,144,591,0.5580623374383883,0.46853146853146854,0.2436548223350254,145
3,Low-Value Low-Engagement Shoppers,DRY MIX DESSERTS,658.11,314.84,258,154,155,591,0.47840026743249603,0.5968992248062015,0.2622673434856176,146
3,Low-Value Low-Engagement Shoppers,PICKLE/RELISH/PKLD VEG,654.05,332.31,268,150,158,591,0.5080804219860867,0.5597014925373134,0.2673434856175973,147
3,Low-Value Low-Engagement Shoppers,LAUNDRY ADDITIVES,641.52,291.41,148,76,106,591,0.4542492829529867,0.5135135135135135,0.1793570219966159,148
3,Low-Value Low-Engagement Shoppers,SPRING/SUMMER SEASONAL,594.47,170.34,101,25,81,591,0.2865409524450351,0.24752475247524752,0.13705583756345177,149
3,Low-Value Low-Engagement Shoppers,NEWSPAPER,593.37,17.82,541,18,99,591,0.03003185196420446,0.033271719038817,0.16751269035532995,150
3,Low-Value Low-Engagement Shoppers,CAT LITTER,593.37,389.61,119,84,51,591,0.6566054906719248,0.7058823529411765,0.08629441624365482,151
3,Low-Value Low-Engagement Shoppers,FAMILY PLANNING,593.01,147.04,68,19,40,591,0.24795534645284226,0.27941176470588236,0.0676818950930626,152
3,Low-Value Low-Engagement Shoppers,DISHWASH DETERGENTS,578.21,280.07,235,103,152,591,0.4843741893083827,0.43829787234042555,0.2571912013536379,153
3,Low-Value Low-Engagement Shoppers,BABY HBC,576.98,170.92,179,61,113,591,0.2962321050989635,0.3407821229050279,0.19120135363790186,154
3,Low-Value Low-Engagement Shoppers,POPCORN,569.0,284.48,193,111,114,591,0.49996485061511425,0.5751295336787565,0.19289340101522842,155
3,Low-Value Low-Engagement Shoppers,CARROTS,554.27,128.65,313,79,161,591,0.23210709581972686,0.2523961661341853,0.272419627749577,156
3,Low-Value Low-Engagement Shoppers,FILM AND CAMERA PRODUCTS,552.7,235.08,84,40,64,591,0.4253301972136783,0.47619047619047616,0.10829103214890017,157
3,Low-Value Low-Engagement Shoppers,FROZEN,552.48,167.4,102,40,35,591,0.302997393570808,0.39215686274509803,0.05922165820642978,158
3,Low-Value Low-Engagement Shoppers,CHRISTMAS  SEASONAL,534.28,186.99,107,32,81,591,0.3499850265778244,0.29906542056074764,0.13705583756345177,159
3,Low-Value Low-Engagement Shoppers,FRZN ICE,527.72,0.0,181,0,110,591,0.0,0.0,0.18612521150592218,160
3,Low-Value Low-Engagement Shoppers,BUTTER,527.21,221.43,160,72,90,591,0.4200034141992754,0.45,0.15228426395939088,161
3,Low-Value Low-Engagement Shoppers,FACIAL TISS/DNR NAPKIN,522.62,254.04,215,115,121,591,0.4860893191994183,0.5348837209302325,0.20473773265651438,162
3,Low-Value Low-Engagement Shoppers,IN-STORE PHOTOFINISHING,515.18,0.0,45,0,24,591,0.0,0.0,0.04060913705583756,163
3,Low-Value Low-Engagement Shoppers,DRY SAUCES/GRAVY,496.21,196.31,240,115,133,591,0.3956187904314706,0.4791666666666667,0.22504230118443316,164
3,Low-Value Low-Engagement Shoppers,MOLASSES/SYRUP/PANCAKE MIXS,492.07,345.49,174,135,129,591,0.7021155526652713,0.7758620689655172,0.2182741116751269,165
3,Low-Value Low-Engagement Shoppers,TOYS AND GAMES,490.51,46.27,97,16,62,591,0.09433039081772034,0.16494845360824742,0.10490693739424704,166
3,Low-Value Low-Engagement Shoppers,TICKETS,490.21,0.0,47,0,29,591,0.0,0.0,0.049069373942470386,167
3,Low-Value Low-Engagement Shoppers,ELECTRICAL SUPPPLIES,488.61,110.14,141,45,108,591,0.22541495262069952,0.3191489361702128,0.18274111675126903,168
3,Low-Value Low-Engagement Shoppers,TEAS,483.0,217.77,167,89,106,591,0.4508695652173913,0.5329341317365269,0.1793570219966159,169
3,Low-Value Low-Engagement Shoppers,FITNESS&DIET,476.58,345.17,81,58,36,591,0.7242645515967939,0.7160493827160493,0.06091370558375635,170
3,Low-Value Low-Engagement Shoppers,BLEACH,460.32,218.56,182,94,107,591,0.4748001390337157,0.5164835164835165,0.18104906937394247,171
3,Low-Value Low-Engagement Shoppers,PET CARE SUPPLIES,456.77,48.89,98,12,63,591,0.10703417474877948,0.12244897959183673,0.1065989847715736,172
3,Low-Value Low-Engagement Shoppers,NUTS,419.22,101.30000000000001,90,25,46,591,0.24163923476933352,0.2777777777777778,0.077834179357022,173
3,Low-Value Low-Engagement Shoppers,KITCHEN GADGETS,409.56,53.03,114,20,88,591,0.12948041800957125,0.17543859649122806,0.14890016920473773,174
3,Low-Value Low-Engagement Shoppers,FRAGRANCES,393.55,0.0,14,0,12,591,0.0,0.0,0.02030456852791878,175
3,Low-Value Low-Engagement Shoppers,COCOA MIXES,393.49,208.69,162,97,117,591,0.5303565528984218,0.5987654320987654,0.19796954314720813,176
3,Low-Value Low-Engagement Shoppers,COOKWARE & BAKEWARE,373.45,42.13,59,9,50,591,0.11281296023564066,0.15254237288135594,0.08460236886632826,177
3,Low-Value Low-Engagement Shoppers,BROOMS AND MOPS,368.6,51.59,138,18,107,591,0.13996201844818232,0.13043478260869565,0.18104906937394247,178
3,Low-Value Low-Engagement Shoppers,PLASTIC HOUSEWARES,365.2,75.02,106,26,83,591,0.20542168674698794,0.24528301886792453,0.1404399323181049,179
3,Low-Value Low-Engagement Shoppers,LAXATIVES,363.69,71.77,62,14,47,591,0.1973383925870934,0.22580645161290322,0.07952622673434856,180
3,Low-Value Low-Engagement Shoppers,AUTOMOTIVE PRODUCTS,359.22,10.13,93,5,64,591,0.02819998886476254,0.053763440860215055,0.10829103214890017,181
3,Low-Value Low-Engagement Shoppers,GIFT & FRUIT BASKETS,357.73,0.0,3,0,3,591,0.0,0.0,0.005076142131979695,182
3,Low-Value Low-Engagement Shoppers,EYE AND EAR CARE PRODUCTS,349.55,34.15,64,6,41,591,0.09769703905020741,0.09375,0.06937394247038917,183
3,Low-Value Low-Engagement Shoppers,SWEET GOODS & SNACKS,347.66,65.81,111,24,76,591,0.18929413795087152,0.21621621621621623,0.12859560067681894,184
3,Low-Value Low-Engagement Shoppers,PARTY TRAYS,340.56,46.97,19,3,19,591,0.13791989664082688,0.15789473684210525,0.032148900169204735,185
3,Low-Value Low-Engagement Shoppers,BROCCOLI/CAULIFLOWER,336.16,94.32000000000001,145,58,88,591,0.280580675868634,0.4,0.14890016920473773,186
3,Low-Value Low-Engagement Shoppers,MUSHROOMS,335.13,54.75,144,27,89,591,0.1633694387252708,0.1875,0.1505922165820643,187
3,Low-Value Low-Engagement Shoppers,BEVERAGE,328.43,14.649999999999999,94,4,24,591,0.04460615656304235,0.0425531914893617,0.04060913705583756,188
3,Low-Value Low-Engagement Shoppers,SANDWICHES,326.40000000000003,0.0,78,0,48,591,0.0,0.0,0.08121827411167512,189
3,Low-Value Low-Engagement Shoppers,HARDWARE SUPPLIES,318.95,27.98,69,1,57,591,0.08772534880075247,0.014492753623188406,0.09644670050761421,190
3,Low-Value Low-Engagement Shoppers,FLOUR & MEALS,310.94,57.92,167,28,110,591,0.18627387920499133,0.16766467065868262,0.18612521150592218,191
3,Low-Value Low-Engagement Shoppers,INFANT CARE PRODUCTS,306.56,28.87,62,12,46,591,0.09417406054279749,0.1935483870967742,0.077834179357022,192
3,Low-Value Low-Engagement Shoppers,MISCELLANEOUS,304.38,74.88,100,33,70,591,0.24600827912477824,0.33,0.11844331641285956,193
3,Low-Value Low-Engagement Shoppers,CORN,288.99,111.75999999999999,152,64,83,591,0.3867261842970345,0.42105263157894735,0.1404399323181049,194
3,Low-Value Low-Engagement Shoppers,CANNED MILK,287.94,113.34,142,51,81,591,0.3936236715982496,0.3591549295774648,0.13705583756345177,195
3,Low-Value Low-Engagement Shoppers,DRIED FRUIT,285.97,126.18,103,45,70,591,0.4412350945903416,0.4368932038834951,0.11844331641285956,196
3,Low-Value Low-Engagement Shoppers,COFFEE FILTERS,282.15,26.84,78,11,59,591,0.09512670565302145,0.14102564102564102,0.09983079526226735,197
3,Low-Value Low-Engagement Shoppers,SMOKING CESSATIONS,267.81,0.0,9,0,2,591,0.0,0.0,0.00338409475465313,198
3,Low-Value Low-Engagement Shoppers,GARDEN CENTER,260.82,26.98,26,2,18,591,0.10344298750095852,0.07692307692307693,0.030456852791878174,199
3,Low-Value Low-Engagement Shoppers,VALUE ADDED VEGETABLES,260.32,67.34,77,32,55,591,0.25868162261831595,0.4155844155844156,0.09306260575296109,200
3,Low-Value Low-Engagement Shoppers,BATH,258.59,48.31,54,14,39,591,0.1868208360725473,0.25925925925925924,0.06598984771573604,201
3,Low-Value Low-Engagement Shoppers,FOOT CARE PRODUCTS,256.25,34.47,41,3,29,591,0.1345170731707317,0.07317073170731707,0.049069373942470386,202
3,Low-Value Low-Engagement Shoppers,CHIPS&SNACKS,253.95000000000002,120.60000000000001,88,45,51,591,0.47489663319551095,0.5113636363636364,0.08629441624365482,203
3,Low-Value Low-Engagement Shoppers,SUNTAN,251.51,111.76,30,15,28,591,0.4443560892211046,0.5,0.047377326565143825,204
3,Low-Value Low-Engagement Shoppers,SUSHI,251.45000000000002,0.0,33,0,14,591,0.0,0.0,0.023688663282571912,205
3,Low-Value Low-Engagement Shoppers,FROZEN - BOXED(GROCERY),251.33,116.52,31,17,19,591,0.463613575776867,0.5483870967741935,0.032148900169204735,206
3,Low-Value Low-Engagement Shoppers,DOMESTIC GOODS,248.6,55.629999999999995,46,18,38,591,0.2237731295253419,0.391304347826087,0.06429780033840947,207
3,Low-Value Low-Engagement Shoppers,FRZN JCE CONC/DRNKS,248.59,164.54,97,78,51,591,0.6618930769540207,0.8041237113402062,0.08629441624365482,208
3,Low-Value Low-Engagement Shoppers,HERBS,247.39,10.64,191,4,84,591,0.04300901410728001,0.020942408376963352,0.14213197969543148,209
3,Low-Value Low-Engagement Shoppers,NO COMMODITY DESCRIPTION,241.68,21.150000000000002,94,10,80,591,0.08751241310824232,0.10638297872340426,0.1353637901861252,210
3,Low-Value Low-Engagement Shoppers,DELI SUPPLIES,234.87,0.0,63,0,51,591,0.0,0.0,0.08629441624365482,211
3,Low-Value Low-Engagement Shoppers,CEREAL/BREAKFAST,231.65,82.04,51,24,27,591,0.3541549751780704,0.47058823529411764,0.04568527918781726,212
3,Low-Value Low-Engagement Shoppers,CIGARS,231.62,0.0,51,0,15,591,0.0,0.0,0.025380710659898477,213
3,Low-Value Low-Engagement Shoppers,OLIVES,231.53,110.84,99,55,64,591,0.47872845851509527,0.5555555555555556,0.10829103214890017,214
3,Low-Value Low-Engagement Shoppers,IRONING AND CHEMICALS,228.26999999999998,19.58,26,2,23,591,0.08577561659438385,0.07692307692307693,0.038917089678511,215
3,Low-Value Low-Engagement Shoppers,FLORAL-FLOWERING PLANTS,227.59,3.34,28,1,26,591,0.01467551298387451,0.03571428571428571,0.043993231810490696,216
3,Low-Value Low-Engagement Shoppers,TOBACCO OTHER,225.31,3.49,94,1,52,591,0.015489769650703476,0.010638297872340425,0.08798646362098139,217
3,Low-Value Low-Engagement Shoppers,CANDLES/ACCESSORIES,223.31,54.730000000000004,71,13,53,591,0.24508530742017826,0.18309859154929578,0.08967851099830795,218
3,Low-Value Low-Engagement Shoppers,FROZEN CHICKEN,215.34,129.42,24,16,19,591,0.6010030649205906,0.6666666666666666,0.032148900169204735,219
3,Low-Value Low-Engagement Shoppers,WATER,214.93,155.51,85,56,47,591,0.723537896059182,0.6588235294117647,0.07952622673434856,220
3,Low-Value Low-Engagement Shoppers,FLORAL BALLOONS,214.38,0.0,36,0,30,591,0.0,0.0,0.050761421319796954,221
3,Low-Value Low-Engagement Shoppers,HOSIERY/SOCKS,203.98,30.82,42,8,25,591,0.151093244435729,0.19047619047619047,0.04230118443316413,222
3,Low-Value Low-Engagement Shoppers,NEW AGE,199.44,62.95,65,30,33,591,0.31563377456879266,0.46153846153846156,0.05583756345177665,223
3,Low-Value Low-Engagement Shoppers,PEARS,198.0,59.01,85,32,55,591,0.29803030303030303,0.3764705882352941,0.09306260575296109,224
3,Low-Value Low-Engagement Shoppers,DISPOSIBLE FOILWARE,197.37,62.040000000000006,56,18,50,591,0.31433348533211736,0.32142857142857145,0.08460236886632826,225
3,Low-Value Low-Engagement Shoppers,FRZN FRUITS,197.24,132.01,40,30,30,591,0.6692861488541877,0.75,0.050761421319796954,226
3,Low-Value Low-Engagement Shoppers,ADULT INCONTINENCE,196.20000000000002,82.7,24,8,17,591,0.4215086646279307,0.3333333333333333,0.028764805414551606,227
3,Low-Value Low-Engagement Shoppers,SNKS/CKYS/CRKR/CNDY,191.55,67.12,53,19,27,591,0.35040459410075697,0.3584905660377358,0.04568527918781726,228
3,Low-Value Low-Engagement Shoppers,APPAREL,190.56,46.54,28,7,25,591,0.24422753988245172,0.25,0.04230118443316413,229
3,Low-Value Low-Engagement Shoppers,INSECTICIDES,188.85,38.85,40,9,31,591,0.20571882446386022,0.225,0.05245346869712352,230
3,Low-Value Low-Engagement Shoppers,JUICE,186.22,60.88,59,18,32,591,0.3269251423048008,0.3050847457627119,0.05414551607445008,231
3,Low-Value Low-Engagement Shoppers,PERSONAL CARE APPLIANCES,172.57,44.620000000000005,9,3,9,591,0.25856174306078694,0.3333333333333333,0.015228426395939087,232
3,Low-Value Low-Engagement Shoppers,PREPARED/PKGD FOODS,168.59,49.86,46,17,25,591,0.29574707871166733,0.3695652173913043,0.04230118443316413,233
3,Low-Value Low-Engagement Shoppers,RICE CAKES,162.35999999999999,32.75,47,12,27,591,0.20171224439517124,0.2553191489361702,0.04568527918781726,234
3,Low-Value Low-Engagement Shoppers,J-HOOKS,146.82000000000002,0.0,45,0,39,591,0.0,0.0,0.06598984771573604,235
3,Low-Value Low-Engagement Shoppers,HAIR CARE ACCESSORIES,146.82,28.66,51,11,41,591,0.19520501294101622,0.21568627450980393,0.06937394247038917,236
3,Low-Value Low-Engagement Shoppers,SPORTS MEMORABLILIA,145.17,0.0,11,0,10,591,0.0,0.0,0.01692047377326565,237
3,Low-Value Low-Engagement Shoppers,FIREWORKS,141.45,0.0,13,0,13,591,0.0,0.0,0.021996615905245348,238
3,Low-Value Low-Engagement Shoppers,SNACKS,131.51,50.69,42,19,26,591,0.38544597369021366,0.4523809523809524,0.043993231810490696,239
3,Low-Value Low-Engagement Shoppers,SYRUPS/TOPPINGS,127.95,45.44,54,22,44,591,0.35513872606486907,0.4074074074074074,0.07445008460236886,240
3,Low-Value Low-Engagement Shoppers,OVERNIGHT PHOTOFINISHING,125.58,5.59,13,1,11,591,0.044513457556935816,0.07692307692307693,0.018612521150592216,241
3,Low-Value Low-Engagement Shoppers,SQUASH,120.96,6.98,77,7,49,591,0.05770502645502646,0.09090909090909091,0.0829103214890017,242
3,Low-Value Low-Engagement Shoppers,HALLOWEEN,112.56,41.72,29,11,25,591,0.3706467661691542,0.3793103448275862,0.04230118443316413,243
3,Low-Value Low-Engagement Shoppers,VALENTINE,111.03,13.43,22,6,21,591,0.12095829955867783,0.2727272727272727,0.03553299492385787,244
3,Low-Value Low-Engagement Shoppers,SEAFOOD - MISC,109.08,33.57,51,19,44,591,0.3077557755775578,0.37254901960784315,0.07445008460236886,245
3,Low-Value Low-Engagement Shoppers,BAKING,108.25,24.23,29,8,17,591,0.2238337182448037,0.27586206896551724,0.028764805414551606,246
3,Low-Value Low-Engagement Shoppers,COSMETIC ACCESSORIES,102.25,4.88,12,2,11,591,0.04772616136919315,0.16666666666666666,0.018612521150592216,247
3,Low-Value Low-Engagement Shoppers,NON-DAIRY BEVERAGES,101.62,67.27,28,18,13,591,0.6619759889785475,0.6428571428571429,0.021996615905245348,248
3,Low-Value Low-Engagement Shoppers,ETHNIC PERSONAL CARE,99.94,17.93,27,5,15,591,0.17940764458675204,0.18518518518518517,0.025380710659898477,249
3,Low-Value Low-Engagement Shoppers,CONDIMENTS,96.19,27.66,22,8,16,591,0.28755587898949997,0.36363636363636365,0.02707275803722504,250
3,Low-Value Low-Engagement Shoppers,HOME FREEZING & CANNING SUPPLY,95.23,2.19,14,1,4,591,0.022996954741152997,0.07142857142857142,0.00676818950930626,251
3,Low-Value Low-Engagement Shoppers,UNKNOWN,90.76,12.92,34,5,26,591,0.14235345967386512,0.14705882352941177,0.043993231810490696,252
3,Low-Value Low-Engagement Shoppers,FLORAL-FOLIAGE PLANTS,88.91,0.0,13,0,12,591,0.0,0.0,0.02030456852791878,253
3,Low-Value Low-Engagement Shoppers,PORTABLE ELECTRIC APPLIANCES,85.46000000000001,0.0,4,0,4,591,0.0,0.0,0.00676818950930626,254
3,Low-Value Low-Engagement Shoppers,FALL AND WINTER SEASONAL,76.31,6.98,15,1,15,591,0.09146900799370987,0.06666666666666667,0.025380710659898477,255
3,Low-Value Low-Engagement Shoppers,BAKERY PARTY TRAYS,73.18,0.0,11,0,10,591,0.0,0.0,0.01692047377326565,256
3,Low-Value Low-Engagement Shoppers,HOME FURNISHINGS,69.97,0.0,3,0,3,591,0.0,0.0,0.005076142131979695,257
3,Low-Value Low-Engagement Shoppers,LAWN AND GARDEN SHOP,67.95,15.73,7,2,7,591,0.23149374540103015,0.2857142857142857,0.011844331641285956,258
3,Low-Value Low-Engagement Shoppers,FLORAL- HARD GOODS,58.89,0.0,10,0,9,591,0.0,0.0,0.015228426395939087,259
3,Low-Value Low-Engagement Shoppers,LAMB,58.4,3.11,16,2,5,591,0.05325342465753424,0.125,0.008460236886632826,260
3,Low-Value Low-Engagement Shoppers,PACKAGED NATURAL SNACKS,57.040000000000006,2.0,23,1,16,591,0.03506311360448808,0.043478260869565216,0.02707275803722504,261
3,Low-Value Low-Engagement Shoppers,GLASSES/VISION AIDS,53.95,0.0,5,0,4,591,0.0,0.0,0.00676818950930626,262
3,Low-Value Low-Engagement Shoppers,EXOTIC GAME/FOWL,50.53,27.94,6,3,6,591,0.5529388482089848,0.5,0.01015228426395939,263
3,Low-Value Low-Engagement Shoppers,SHOE CARE,46.68,0.0,20,0,20,591,0.0,0.0,0.0338409475465313,264
3,Low-Value Low-Engagement Shoppers,NATURAL VITAMINS,45.01,10.04,4,1,4,591,0.2230615418795823,0.25,0.00676818950930626,265
3,Low-Value Low-Engagement Shoppers,DELI SPECIALTIES (RETAIL PK),40.85,2.5,14,1,10,591,0.06119951040391677,0.07142857142857142,0.01692047377326565,266
3,Low-Value Low-Engagement Shoppers,EASTER,39.86,7.44,16,3,16,591,0.18665328650275967,0.1875,0.02707275803722504,267
3,Low-Value Low-Engagement Shoppers,COUPON,38.91,0.0,5,0,5,591,0.0,0.0,0.008460236886632826,268
3,Low-Value Low-Engagement Shoppers,PROPANE,33.98,0.0,2,0,2,591,0.0,0.0,0.00338409475465313,269
3,Low-Value Low-Engagement Shoppers,LONG DISTANCE CALLING CARDS,33.8,0.0,4,0,4,591,0.0,0.0,0.00676818950930626,270
3,Low-Value Low-Engagement Shoppers,COFFEE SHOP,33.03,0.0,8,0,5,591,0.0,0.0,0.008460236886632826,271
3,Low-Value Low-Engagement Shoppers,COUPONS/STORE & MFG,32.27,14.69,49,9,39,591,0.4552215680198326,0.1836734693877551,0.06598984771573604,272
3,Low-Value Low-Engagement Shoppers,SEASONAL,31.28,18.32,6,3,5,591,0.5856777493606138,0.5,0.008460236886632826,273
3,Low-Value Low-Engagement Shoppers,COFFEE SHOP SWEET GOODS&RETAIL,27.64,0.0,5,0,5,591,0.0,0.0,0.008460236886632826,274
3,Low-Value Low-Engagement Shoppers,DRY TEA/COFFEE/COCO MIX,24.94,20.950000000000003,5,4,5,591,0.8400160384923818,0.8,0.008460236886632826,275
3,Low-Value Low-Engagement Shoppers,SERVICE BEVERAGE,24.89,2.4000000000000004,22,2,14,591,0.09642426677380475,0.09090909090909091,0.023688663282571912,276
3,Low-Value Low-Engagement Shoppers,QUICK SERVICE,22.62,0.0,6,0,4,591,0.0,0.0,0.00676818950930626,277
3,Low-Value Low-Engagement Shoppers,GLASSWARE & DINNERWARE,21.96,0.0,5,0,5,591,0.0,0.0,0.008460236886632826,278
3,Low-Value Low-Engagement Shoppers,NON EDIBLE PRODUCTS,18.98,0.0,2,0,2,591,0.0,0.0,0.00338409475465313,279
3,Low-Value Low-Engagement Shoppers,BIRD SEED,18.67,9.690000000000001,4,2,4,591,0.5190144617032673,0.5,0.00676818950930626,280
3,Low-Value Low-Engagement Shoppers,DOLLAR VALUE PRODUCTS,17.85,0.0,8,0,8,591,0.0,0.0,0.01353637901861252,281
3,Low-Value Low-Engagement Shoppers,VEAL,14.84,0.0,2,0,2,591,0.0,0.0,0.00338409475465313,282
3,Low-Value Low-Engagement Shoppers,CONTINUITIES,14.450000000000001,0.0,3,0,3,591,0.0,0.0,0.005076142131979695,283
3,Low-Value Low-Engagement Shoppers,RESTRICTED DIET,13.870000000000001,3.19,4,1,4,591,0.22999279019466473,0.25,0.00676818950930626,284
3,Low-Value Low-Engagement Shoppers,FRZN SEAFOOD,11.98,2.0,3,1,3,591,0.1669449081803005,0.3333333333333333,0.005076142131979695,285
3,Low-Value Low-Engagement Shoppers,FLORAL-ACCESSORIES,11.49,0.0,3,0,3,591,0.0,0.0,0.005076142131979695,286
3,Low-Value Low-Engagement Shoppers,SEWING,11.34,1.89,6,1,6,591,0.16666666666666666,0.16666666666666666,0.01015228426395939,287
3,Low-Value Low-Engagement Shoppers,(CORP USE ONLY),9.879999999999999,0.0,3,0,3,591,0.0,0.0,0.005076142131979695,288
3,Low-Value Low-Engagement Shoppers,MISCELLANEOUS HBC,8.97,0.0,2,0,2,591,0.0,0.0,0.00338409475465313,289
3,Low-Value Low-Engagement Shoppers,MEAT SUPPLIES,7.57,0.0,2,0,2,591,0.0,0.0,0.00338409475465313,290
3,Low-Value Low-Engagement Shoppers,WATCHES/CALCULATORS/LOBBY,5.24,0.0,2,0,2,591,0.0,0.0,0.00338409475465313,291
3,Low-Value Low-Engagement Shoppers,PKG.SEAFOOD MISC,3.49,0.0,1,0,1,591,0.0,0.0,0.001692047377326565,292
3,Low-Value Low-Engagement Shoppers,BABYFOOD,2.47,0.0,1,0,1,591,0.0,0.0,0.001692047377326565,293
3,Low-Value Low-Engagement Shoppers,PROD SUPPLIES,0.79,0.0,2,0,2,591,0.0,0.0,0.00338409475465313,294
3,Low-Value Low-Engagement Shoppers,BOTTLE DEPOSITS,0.3,0.0,1,0,1,591,0.0,0.0,0.001692047377326565,295
